Year	Rd	Pk	Tm	Player
1976	1	1	HOU	John Lucas
1976	1	2	CHI	Scott May
1976	1	3	KCK	Richard Washington
1976	1	4	DET	Leon Douglas
1976	1	5	POR	Wally Walker
1976	1	6	BUF	Adrian Dantley
1976	1	7	MIL	Quinn Buckner
1976	1	8	GSW	Robert Parish
1976	1	9	ATL	Armond Hill
1976	1	10	PHO	Ron Lee
1976	1	11	SEA	Bob Wilkerson
1976	1	12	PHI	Terry Furlow
1976	1	13	WSB	Mitch Kupchak
1976	1	14	WSB	Larry Wright
1976	1	15	CLE	Chuckie Williams
1976	1	16	BOS	Norm Cook
1976	1	17	GSW	Sonny Parker
1976	2	18	CHI	Willie Smith
1976	2	19	SEA	Bayard Forrest
1976	2	20	POR	Major Jones
1976	2	21	LAL	Earl Tatum
1976	2	22	POR	Johnny Davis
1976	2	23	MIL	Alex English
1976	2	24	MIL	Scott Lloyd
1976	2	25	NYK	Lonnie Shelton
1976	2	26	NOJ	Jacky Dorsey
1976	2	27	HOU	Phil Hicks
1976	2	28	ATL	Bob Carrington
1976	2	29	SEA	Dennis Johnson
1976	2	30	PHO	Al Fleming
1976	2	31	WSB	Joe Pace
1976	2	32	CLE	Mo Howard
1976	2	33	PHO	Butch Feher
1976	2	34	GSW	Marshall Rogers
1976	3	35	CHI	Dallas Smith
1976	3	36	LAL	Mike Dabney
1976	3	37	CHI	Lars Hansen
1976	3	38	DET	Phil Sellers
1976	3	39	POR	Jeff Tyson
1976	3	40	MIL	Lloyd Walton
1976	3	41	NYK	John McGill
1976	3	42	NOJ	Steve Copp
1976	3	43	LAL	Tom Abernethy
1976	3	44	HOU	Barnes Hauptfuhrer
1976	3	45	PHO	Ira Terrell
1976	3	46	ATL	Larry Cooke
1976	3	47	PHI	Ron Norwood
1976	3	48	BUF	Gary Brewster
1976	3	49	WSB	Bill Cook
1976	3	50	CLE	Gary Cole
1977	1	1	MIL	Kent Benson
1977	1	2	KCK	Otis Birdsong
1977	1	3	MIL	Marques Johnson
1977	1	4	WSB	Greg Ballard
1977	1	5	PHO	Walter Davis
1977	1	6	LAL	Kenny Carr
1977	1	7	NJN	Bernard King
1977	1	8	SEA	Jack Sikma
1977	1	9	DEN	Tom LaGarde
1977	1	10	NYK	Ray Williams
1977	1	11	MIL	Ernie Grunfeld
1977	1	12	BOS	Cedric Maxwell
1977	1	13	CHI	Tate Armstrong
1977	1	14	ATL	Tree Rollins
1977	1	15	LAL	Brad Davis
1977	1	16	GSW	Rickey Green
1977	1	17	WSB	Bo Ellis
1977	1	18	GSW	Wesley Cox
1977	1	19	POR	Rich Laurel
1977	1	20	PHI	Glenn Mosley
1977	1	21	DEN	Anthony Roberts
1977	1	22	LAL	Norm Nixon
1977	2	23	CHI	Mike Glenn
1977	2	24	BUF	Larry Johnson
1977	2	25	PHI	Wilson Washington
1977	2	26	NYK	Glen Gondrezick
1977	2	27	MIL	Glenn Williams
1977	2	28	POR	Kim Anderson
1977	2	29	IND	Alonzo Bradley
1977	2	30	CHI	Steve Sheppard
1977	2	31	KCK	Eddie Owens
1977	2	32	NYK	Toby Knight
1977	2	33	CLE	Eddie Jordan
1977	2	34	HOU	Larry Moffett
1977	2	35	CHI	Mark Landsberger
1977	2	36	DET	Ben Poquette
1977	2	37	SAS	Jeff Wilkins
1977	2	38	GSW	Ricky Love
1977	2	39	WSB	Phil Walker
1977	2	40	HOU	Robert Reid
1977	2	41	POR	T.R. Dunn
1977	2	42	PHI	Bob Elliott
1977	2	43	PHI	Herm Harris
1977	2	44	NOJ	Essie Hollis
1977	3	45	KCK	Bill Paterno
1977	3	46	LAL	James Edwards
1977	3	47	MIL	Gary Yoder
1977	3	48	ATL	Sam Smith
1977	3	49	ATL	Eddie Johnson1
1977	3	50	NOJ	Tony Hanson
1978	1	1	POR	Mychal Thompson
1978	1	2	KCK	Phil Ford
1978	1	3	IND	Rick Robey
1978	1	4	NYK	Micheal Ray Richardson
1978	1	5	GSW	Purvis Short
1978	1	6	BOS	Larry Bird
1978	1	7	POR	Ron Brewer
1978	1	8	BOS	Freeman Williams
1978	1	9	CHI	Reggie Theus
1978	1	10	ATL	Butch Lee
1978	1	11	NOJ	James Hardy
1978	1	12	MIL	George Johnson2
1978	1	13	NJN	Winford Boynes
1978	1	14	WSB	Roger Phegley
1978	1	15	CLE	Mike Mitchell
1978	1	16	ATL	Jack Givens
1978	1	17	DEN	Rod Griffin
1978	1	18	WSB	Dave Corzine
1978	1	19	PHO	Marty Byrnes
1978	1	20	SAS	Frankie Sanders
1978	1	21	DEN	Mike Evans
1978	1	22	GSW	Raymond Townsend
1978	2	23	DET	Terry Tyler
1978	2	24	POR	Keith Herron
1978	2	25	ATL	Rick Wilson
1978	2	26	LAL	Ron Carter
1978	2	27	IND	Wayne Radford
1978	2	28	HOU	Buster Matheney
1978	2	29	DET	John Long
1978	2	30	BOS	Jeff Judkins
1978	2	31	CHI	Marvin Johnson
1978	2	32	NYK	John Rudd
1978	2	33	CLE	Harry Davis
1978	2	34	NYK	Greg Bunch
1978	2	35	NOJ	Tommie Green
1978	2	36	PHI	Maurice Cheeks
1978	2	37	WSB	Terry Sykes
1978	2	38	LAL	Lew Massey
1978	2	39	SEA	James Lee
1978	2	40	GSW	Wayne Cooper
1978	2	41	SDC	Jerome Whitehead
1978	2	42	SEA	Kevin McDonald
1978	2	43	PHI	Glenn Hagan
1978	2	44	POR	Clemon Johnson
1978	3	45	NJN	Mike Phillips
1978	3	46	DEN	Hollis Copeland
1978	3	47	HOU	Billy Ray Bates
1978	3	48	SDC	Mike Santos
1978	3	49	KCK	Jeff Cook
1978	3	50	BOS	Dana Skinner
1979	1	1	LAL	Magic Johnson
1979	1	2	CHI	Dave Greenwood
1979	1	3	NYK	Bill Cartwright
1979	1	4	DET	Greg Kelser
1979	1	5	MIL	Sidney Moncrief
1979	1	6	SEA	James Bailey
1979	1	7	SEA	Vinnie Johnson
1979	1	8	NJN	Calvin Natt
1979	1	9	NYK	Larry Demic
1979	1	10	DET	Roy Hamilton
1979	1	11	NJN	Cliff Robinson
1979	1	12	POR	Jim Paxson
1979	1	13	IND	Dudley Bradley
1979	1	14	LAL	Brad Holland
1979	1	15	DET	Phil Hubbard
1979	1	16	PHI	Jim Spanarkel
1979	1	17	HOU	Lee Johnson
1979	1	18	KCK	Reggie King
1979	1	19	SAS	Wiley Peck
1979	1	20	UTA	Larry Knight
1979	1	21	NYK	Sly Williams
1979	1	22	PHO	Kyle Macy
1979	2	23	UTA	Tico Brown
1979	2	24	PHO	Johnny High
1979	2	25	LAL	Ollie Mack
1979	2	26	CLE	Bruce Flowers
1979	2	27	NYK	Reggie Carter
1979	2	28	GSW	Danny Salisbury
1979	2	29	DET	Tony Price
1979	2	30	DEN	Gary Garland
1979	2	31	MIL	Edgar Jones
1979	2	32	IND	Tony Zeno
1979	2	33	CHI	Lawrence Butler
1979	2	34	NYK	Kim Goetz
1979	2	35	ATL	James Bradley
1979	2	36	PHI	Clint Richardson
1979	2	37	PHI	Bernard Toone
1979	2	38	ATL	Larry Wilson
1979	2	39	LAL	Victor King
1979	2	40	POR	Andrew Fields
1979	2	41	LAL	Mark Young
1979	2	42	HOU	Paul Mokeski
1979	2	43	SEA	Johnny Moore
1979	2	44	WSB	Joe DeSantis
1979	3	45	UTA	Arvid Kramer
1979	3	46	WSB	Andrew Parker
1979	3	47	CHI	Calvin Garrett
1979	3	48	DET	Terry Duerod
1979	3	49	CHI	Cedrick Hordges
1979	3	50	NYK	Geoff Huston
1980	1	1	GSW	Joe Barry Carroll
1980	1	2	UTA	Darrell Griffith
1980	1	3	BOS	Kevin McHale
1980	1	4	CHI	Kelvin Ransey
1980	1	5	DEN	James Ray
1980	1	6	NJN	Mike OKoren
1980	1	7	NJN	Mike Gminski
1980	1	8	PHI	Andrew Toney
1980	1	9	SDC	Michael Brooks
1980	1	10	POR	Ronnie Lester
1980	1	11	DAL	Kiki Vandeweghe
1980	1	12	NYK	Mike Woodson
1980	1	13	GSW	Rickey Brown
1980	1	14	WSB	Wes Matthews
1980	1	15	SAS	Reggie Johnson
1980	1	16	KCK	Hawkeye Whitney
1980	1	17	DET	Larry Drew
1980	1	18	ATL	Don Collins
1980	1	19	UTA	John Duren
1980	1	20	SEA	Bill Hanzlik
1980	1	21	PHI	Monti Davis
1980	1	22	CLE	Chad Kinch
1980	1	23	DEN	Carl Nicks
1980	2	24	GSW	Larry Smith
1980	2	25	GSW	Jeff Ruland
1980	2	26	CHI	Sam Worthen
1980	2	27	HOU	John Stroud
1980	2	28	ATL	Craig Shelton
1980	2	29	IND	Louis Orr
1980	2	30	IND	Kenny Natt
1980	2	31	LAL	Wayne Robinson
1980	2	32	POR	David Lawrence
1980	2	33	POR	Bruce Collins
1980	2	34	DAL	Roosevelt Bouie
1980	2	35	WSB	Rick Mahorn
1980	2	36	NYK	DeWayne Scales
1980	2	37	LAL	Butch Carter
1980	2	38	HOU	Terry Stotts
1980	2	39	SAS	Michael Wiley
1980	2	40	IND	Dick Miller
1980	2	41	DEN	Jawann Oldham
1980	2	42	PHO	Kimberly Belton
1980	2	43	HOU	Billy Williams
1980	2	44	PHI	Clyde Austin
1980	2	45	DET	Brad Branson
1980	2	46	BOS	Arnette Hallman
1980	3	47	DEN	Kurt Nimphius
1980	3	48	DEN	Eddie Lee
1980	3	49	GSW	John Virgil
1980	3	50	CHI	James Wilkes
1981	1	1	DAL	Mark Aguirre
1981	1	2	DET	Isiah Thomas
1981	1	3	NJN	Buck Williams
1981	1	4	ATL	Al Wood
1981	1	5	SEA	Danny Vranes
1981	1	6	CHI	Orlando Woolridge
1981	1	7	KCK	Steve Johnson
1981	1	8	SDC	Tom Chambers
1981	1	9	DAL	Rolando Blackman
1981	1	10	NJN	Albert King
1981	1	11	WSB	Frank Johnson
1981	1	12	DET	Kelly Tripucka
1981	1	13	UTA	Danny Schayes
1981	1	14	IND	Herb Williams
1981	1	15	POR	Jeff Lamp
1981	1	16	POR	Darnell Valentine
1981	1	17	KCK	Kevin Loder
1981	1	18	NJN	Ray Tolbert
1981	1	19	LAL	Mike McGee
1981	1	20	PHO	Larry Nance
1981	1	21	MIL	Alton Lister
1981	1	22	PHI	Franklin Edwards
1981	1	23	BOS	Charles Bradley
1981	2	24	DAL	Jay Vincent
1981	2	25	BOS	Tracy Jackson
1981	2	26	POR	Brian Jackson
1981	2	27	UTA	Howard Wood
1981	2	28	SAS	Gene Banks
1981	2	29	KCK	Eddie Johnson2
1981	2	30	SAS	Ed Rains
1981	2	31	BOS	Danny Ainge
1981	2	32	CHI	Mike Olliver
1981	2	33	GSW	Sam Williams
1981	2	34	DEN	Ken Green
1981	2	35	WSB	Charles Davis
1981	2	36	IND	Ray Blume
1981	2	37	IND	Al Leslie
1981	2	38	ATL	Clyde Bradshaw
1981	2	39	LAL	Harvey Knuckles
1981	2	40	NYK	Greg Cook
1981	2	41	WSB	Claude Gregory
1981	2	42	LAL	Elvis Rolle
1981	2	43	DAL	Elston Turner
1981	2	44	WSB	Steve Lingenfelter
1981	2	45	HOU	Ed Turner
1981	2	46	PHI	Vernon Smith
1981	3	47	DAL	Art Housey
1981	3	48	WSB	Mike Ferrara
1981	3	49	NJN	David Burns
1981	3	50	POR	Derek Holcomb
1982	1	1	LAL	James Worthy
1982	1	2	SDC	Terry Cummings
1982	1	3	UTA	Dominique Wilkins
1982	1	4	DAL	Bill Garnett
1982	1	5	KCK	LaSalle Thompson
1982	1	6	NYK	Trent Tucker
1982	1	7	CHI	Quintin Dailey
1982	1	8	IND	Clark Kellogg
1982	1	9	DET	Cliff Levingston
1982	1	10	ATL	Keith Edmonson
1982	1	11	POR	Fat Lever
1982	1	12	CLE	John Bagley
1982	1	13	NJN	Sleepy Floyd
1982	1	14	GSW	Lester Conner
1982	1	15	PHO	David Thirdkill
1982	1	16	HOU	Terry Teagle
1982	1	17	KCK	Brook Steppe
1982	1	18	DET	Ricky Pierce
1982	1	19	DEN	Rob Williams
1982	1	20	MIL	Paul Pressey
1982	1	21	NJN	Eddie Phillips
1982	1	22	PHI	Mark McNamara
1982	1	23	BOS	Darren Tillis
1982	2	24	SAS	Oliver Robinson
1982	2	25	WSB	Bryan Warrick
1982	2	26	CHI	Ricky Frazier
1982	2	27	MIL	Fred Roberts
1982	2	28	CLE	Dave Magley
1982	2	29	NYK	Scott Hastings
1982	2	30	CHI	Wallace Bryant
1982	2	31	CHI	Rod Higgins
1982	2	32	SDC	Richard Anderson
1982	2	33	POR	Linton Townes
1982	2	34	NYK	Vince Taylor
1982	2	35	GSW	Derek Smith
1982	2	36	PHI	J.J. Anderson
1982	2	37	POR	Audie Norris
1982	2	38	GSW	Wayne Sappleton
1982	2	39	PHO	Kevin Magee
1982	2	40	IND	Guy Morgan
1982	2	41	WSB	Dwight Anderson
1982	2	42	HOU	Jeff Taylor
1982	2	43	IND	Jose Slaughter
1982	2	44	WSB	Mike Gibson
1982	2	45	PHI	Russ Schoene
1982	2	46	BOS	Tony Guy
1982	3	47	CLE	Michael Wilson
1982	3	48	SDC	Craig Hodges
1982	3	49	UTA	Steve Trumbo
1982	3	50	DAL	Corny Thompson
1983	1	1	HOU	Ralph Sampson
1983	1	2	IND	Steve Stipanovich
1983	1	3	HOU	Rodney McCray
1983	1	4	SDC	Byron Scott
1983	1	5	CHI	Sidney Green
1983	1	6	GSW	Russell Cross
1983	1	7	UTA	Thurl Bailey
1983	1	8	DET	Antoine Carr
1983	1	9	DAL	Dale Ellis
1983	1	10	WSB	Jeff Malone
1983	1	11	DAL	Derek Harper
1983	1	12	NYK	Darrell Walker
1983	1	13	KCK	Ennis Whatley
1983	1	14	POR	Clyde Drexler
1983	1	15	DEN	Howard Carter
1983	1	16	SEA	Jon Sundvold
1983	1	17	PHI	Leo Rautins
1983	1	18	MIL	Randy Breuer
1983	1	19	SAS	John Paxson
1983	1	20	CLE	Roy Hinson
1983	1	21	BOS	Greg Kite
1983	1	22	WSB	Randy Wittman
1983	1	23	IND	Mitchell Wiggins
1983	1	24	CLE	Stewart Granger
1983	2	25	CHI	Sidney Lowe
1983	2	26	IND	Leroy Combs
1983	2	27	CLE	John Garris
1983	2	28	PHO	Rod Foster
1983	2	29	CHI	Larry Micheaux
1983	2	30	DAL	Mark West
1983	2	31	ATL	Doc Rivers
1983	2	32	WSB	Michael Britt
1983	2	33	DAL	Dirk Minniefield
1983	2	34	WSB	Guy Williams
1983	2	35	SAS	Darrell Lockhart
1983	2	36	SEA	Scooter McCray
1983	2	37	DEN	David Russell
1983	2	38	KCK	Chris McNealy
1983	2	39	POR	Granville Waiters
1983	2	40	IND	Jim Thomas
1983	2	41	MIL	Ted Kitchel
1983	2	42	MIL	Mike Davis
1983	2	43	GSW	Pace Mannion
1983	2	44	NJN	Horace Owens
1983	2	45	PHO	Paul Williams
1983	2	46	SAS	Kevin Williams
1983	2	47	PHI	Ken Lyons
1983	3	48	HOU	Craig Ehlo
1983	3	49	IND	Greg Jones
1983	3	50	CLE	Paul Thompson
1984	1	1	HOU	Hakeem Olajuwon
1984	1	2	POR	Sam Bowie
1984	1	3	CHI	Michael Jordan
1984	1	4	DAL	Sam Perkins
1984	1	5	PHI	Charles Barkley
1984	1	6	WSB	Melvin Turpin
1984	1	7	SAS	Alvin Robertson
1984	1	8	LAC	Lancaster Gordon
1984	1	9	KCK	Otis Thorpe
1984	1	10	PHI	Leon Wood
1984	1	11	ATL	Kevin Willis
1984	1	12	CLE	Tim McCormick
1984	1	13	PHO	Jay Humphries
1984	1	14	LAC	Michael Cage
1984	1	15	DAL	Terence Stansbury
1984	1	16	UTA	John Stockton
1984	1	17	NJN	Jeff Turner
1984	1	18	IND	Vern Fleming
1984	1	19	POR	Bernard Thompson
1984	1	20	DET	Tony Campbell
1984	1	21	MIL	Kenny Fields
1984	1	22	PHI	Tom Sewell
1984	1	23	LAL	Earl Jones
1984	1	24	BOS	Michael Young
1984	2	25	IND	Devin Durrant
1984	2	26	POR	Victor Fleming
1984	2	27	CLE	Ron Anderson
1984	2	28	SEA	Cory Blackwell
1984	2	29	IND	Stuart Gray
1984	2	30	GSW	Steve Burtt
1984	2	31	GSW	Jay Murphy
1984	2	32	DET	Eric Turner
1984	2	33	POR	Steve Colter
1984	2	34	WSB	Tony Costner
1984	2	35	GSW	Othell Wilson
1984	2	36	PHO	Charles Jones2
1984	2	37	CHI	Ben Coleman
1984	2	38	DAL	Charlie Sitton
1984	2	39	SEA	Danny Young
1984	2	40	DAL	Anthony Teachey
1984	2	41	DAL	Tom Sluby
1984	2	42	DEN	Willie White
1984	2	43	CHI	Greg Wiltjer
1984	2	44	WSB	Fred Reynolds
1984	2	45	GSW	Gary Plummer
1984	2	46	POR	Jerome Kersey
1984	2	47	BOS	Ronnie Williams
1984	3	48	PHI	James Banks
1984	3	49	CHI	Tim Dillon
1984	3	50	CLE	Ben McDonald
1985	1	1	NYK	Patrick Ewing
1985	1	2	IND	Wayman Tisdale
1985	1	3	LAC	Benoit Benjamin
1985	1	4	SEA	Xavier McDaniel
1985	1	5	ATL	Jon Koncak
1985	1	6	SAC	Joe Kleine
1985	1	7	GSW	Chris Mullin
1985	1	8	DAL	Detlef Schrempf
1985	1	9	CLE	Charles Oakley
1985	1	10	PHO	Ed Pinckney
1985	1	11	CHI	Keith Lee
1985	1	12	WSB	Kenny Green
1985	1	13	UTA	Karl Malone
1985	1	14	SAS	Alfredrick Hughes
1985	1	15	DEN	Blair Rasmussen
1985	1	16	DAL	Bill Wennington
1985	1	17	DAL	Uwe Blab
1985	1	18	DET	Joe Dumars
1985	1	19	HOU	Steve Harris
1985	1	20	BOS	Sam Vincent
1985	1	21	PHI	Terry Catledge
1985	1	22	MIL	Jerry Reynolds
1985	1	23	LAL	A.C. Green
1985	1	24	POR	Terry Porter
1985	2	25	POR	Mike Smrek
1985	2	26	IND	Bill Martin
1985	2	27	IND	Dwayne McClain
1985	2	28	CHI	Ken Johnson
1985	2	29	SAS	Mike Brittain
1985	2	30	CLE	Calvin Duncan
1985	2	31	WSB	Manute Bol
1985	2	32	PHO	Nick Vanos
1985	2	33	PHI	Greg Stokes
1985	2	34	CHI	Aubrey Sherrod
1985	2	35	SAS	Tyrone Corbin
1985	2	36	NJN	Yvon Joseph
1985	2	37	UTA	Carey Scurry
1985	2	38	NJN	Fernando Martin
1985	2	39	POR	George Montgomery
1985	2	40	DAL	Mark Acres
1985	2	41	ATL	Lorenzo Charles
1985	2	42	GSW	Bobby Lee Hurt
1985	2	43	DEN	Barry Stevens
1985	2	44	PHI	Voise Winters
1985	2	45	CLE	Hot Rod Williams
1985	2	46	CHI	Adrian Branch
1985	2	47	NYK	Gerald Wilkins
1985	3	48	IND	Kenny Patterson
1985	3	49	GSW	Brad Wright
1985	3	50	DAL	Leonard Allen
1986	1	1	CLE	Brad Daugherty
1986	1	2	BOS	Len Bias
1986	1	3	GSW	Chris Washburn
1986	1	4	IND	Chuck Person
1986	1	5	NYK	Kenny Walker
1986	1	6	PHO	William Bedford
1986	1	7	DAL	Roy Tarpley
1986	1	8	CLE	Ron Harper
1986	1	9	CHI	Brad Sellers
1986	1	10	SAS	Johnny Dawkins
1986	1	11	DET	John Salley
1986	1	12	WSB	John Williams
1986	1	13	NJN	Pearl Washington
1986	1	14	POR	Walter Berry
1986	1	15	UTA	Dell Curry
1986	1	16	DEN	Maurice Martin
1986	1	17	SAC	Harold Pressley
1986	1	18	DEN	Mark Alarie
1986	1	19	ATL	Billy Thompson
1986	1	20	HOU	Buck Johnson
1986	1	21	WSB	Anthony Jones
1986	1	22	MIL	Scott Skiles
1986	1	23	LAL	Ken Barlow
1986	1	24	POR	Arvydas Sabonis
1986	2	25	DAL	Mark Price
1986	2	26	IND	Greg Dreiling
1986	2	27	DET	Dennis Rodman
1986	2	28	CHI	Larry Krystkowiak
1986	2	29	CLE	Johnny Newman
1986	2	30	SEA	Nate McMillan
1986	2	31	PHO	Joe Ward
1986	2	32	ATL	Cedric Henderson
1986	2	33	SAS	Kevin Duckworth
1986	2	34	SAC	Johnny Rogers
1986	2	35	DAL	Milt Wagner
1986	2	36	WSB	Steve Mitchell
1986	2	37	POR	Parragiotis Fasoulas
1986	2	38	SEA	Lemone Lampley
1986	2	39	PHO	Rafael Addison
1986	2	40	ATL	Augusto Binelli
1986	2	41	DEN	Otis Smith
1986	2	42	ATL	Ron Kellogg
1986	2	43	HOU	Dave Feitl
1986	2	44	PHI	David Wingate
1986	2	45	MIL	Keith Smith
1986	2	46	PHO	Jeff Hornacek
1986	2	47	NYK	Michael Jackson
1986	3	48	SAS	Forrest McKenzie
1986	3	49	POR	Juden Smith
1986	3	50	CLE	Kevin Henderson
1987	1	1	SAS	David Robinson
1987	1	2	PHO	Armen Gilliam
1987	1	3	NJN	Dennis Hopson
1987	1	4	LAC	Reggie Williams
1987	1	5	SEA	Scottie Pippen
1987	1	6	SAC	Kenny Smith
1987	1	7	CLE	Kevin Johnson
1987	1	8	CHI	Olden Polynice
1987	1	9	SEA	Derrick McKey
1987	1	10	CHI	Horace Grant
1987	1	11	IND	Reggie Miller
1987	1	12	WSB	Muggsy Bogues
1987	1	13	LAC	Joe Wolf
1987	1	14	GSW	Tellis Frank
1987	1	15	UTA	Jose Ortiz
1987	1	16	PHI	Chris Welp
1987	1	17	POR	Ronnie Murphy
1987	1	18	NYK	Mark Jackson
1987	1	19	LAC	Ken Norman
1987	1	20	DAL	Jim Farmer
1987	1	21	ATL	Dallas Comegys
1987	1	22	BOS	Reggie Lewis
1987	1	23	SAS	Greg Anderson
1987	2	24	DET	Fred Banks
1987	2	25	NYK	Ron Moore
1987	2	26	DAL	Steve Alford
1987	2	27	SAS	Nate Blackwell
1987	2	28	CHI	Rickie Winslow
1987	2	29	POR	Lester Fonville
1987	2	30	POR	Nikita Wilson
1987	2	31	DEN	Andre Moore
1987	2	32	MIL	Bob McCann
1987	2	33	CHI	Tony White
1987	2	34	IND	Brian Rowsom
1987	2	35	HOU	Doug Lee
1987	2	36	WSB	Duane Washington
1987	2	37	WSB	Derrick Dowell
1987	2	38	LAC	Norris Coleman
1987	2	39	PHI	Vincent Askew
1987	2	40	MIL	Winston Garland
1987	2	41	CLE	Kannard Johnson
1987	2	42	ATL	Terence Bailey
1987	2	43	PHI	Andrew Kennedy
1987	2	44	ATL	Terry Coner
1987	2	45	BOS	Brad Lohaus
1987	2	46	PHO	Bruce Dalrymple
1987	3	47	LAC	Tim McCalister
1987	3	48	NJN	Jamie Waller
1987	3	49	NYK	Jerome Batiste
1987	3	50	SAS	Phil Zevenbergen
1988	1	1	LAC	Danny Manning
1988	1	2	IND	Rik Smits
1988	1	3	PHI	Charles Smith1
1988	1	4	NJN	Chris Morris
1988	1	5	GSW	Mitch Richmond
1988	1	6	LAC	Hersey Hawkins
1988	1	7	PHO	Tim Perry
1988	1	8	CHH	Rex Chapman
1988	1	9	MIA	Rony Seikaly
1988	1	10	SAS	Willie Anderson
1988	1	11	CHI	Will Perdue
1988	1	12	WSB	Harvey Grant
1988	1	13	MIL	Jeff Grayer
1988	1	14	PHO	Dan Majerle
1988	1	15	SEA	Gary Grant
1988	1	16	HOU	Derrick Chievous
1988	1	17	UTA	Eric Leckner
1988	1	18	SAC	Ricky Berry
1988	1	19	NYK	Rod Strickland
1988	1	20	MIA	Kevin Edwards
1988	1	21	POR	Mark Bryant
1988	1	22	CLE	Randolph Keys
1988	1	23	DEN	Jerome Lane
1988	1	24	BOS	Brian Shaw
1988	1	25	LAL	David Rivers
1988	2	26	POR	Rolando Ferreira
1988	2	27	SAS	Shelton Jones
1988	2	28	PHO	Andrew Lang
1988	2	29	SAC	Vinny Del Negro
1988	2	30	DET	Fennis Dembo
1988	2	31	PHI	Everette Stephens
1988	2	32	NJN	Charles Shackleford
1988	2	33	MIA	Grant Long
1988	2	34	CHH	Tom Tolbert
1988	2	35	MIA	Sylvester Gray
1988	2	36	WSB	Ledell Eackles
1988	2	37	NYK	Greg Butler
1988	2	38	PHO	Dean Garrett
1988	2	39	MIL	Tito Horford
1988	2	40	MIA	Orlando Graham
1988	2	41	GSW	Keith Smart
1988	2	42	UTA	Jeff Moe
1988	2	43	DEN	Todd Mitchell
1988	2	44	ATL	Anthony Taylor
1988	2	45	LAC	Tom Garrick
1988	2	46	DAL	Morlon Wiley
1988	2	47	DEN	Vernon Maxwell
1988	2	48	DET	Micheal Williams
1988	2	49	DAL	Jose Vargas
1988	2	50	PHO	Steve Kerr
1989	1	1	SAC	Pervis Ellison
1989	1	2	LAC	Danny Ferry
1989	1	3	SAS	Sean Elliott
1989	1	4	MIA	Glen Rice
1989	1	5	CHH	J.R. Reid
1989	1	6	CHI	Stacey King
1989	1	7	IND	George McCloud
1989	1	8	DAL	Randy White
1989	1	9	WSB	Tom Hammonds
1989	1	10	MIN	Pooh Richardson
1989	1	11	ORL	Nick Anderson
1989	1	12	NJN	Mookie Blaylock
1989	1	13	BOS	Michael Smith1
1989	1	14	GSW	Tim Hardaway
1989	1	15	DEN	Todd Lichti
1989	1	16	SEA	Dana Barros
1989	1	17	SEA	Shawn Kemp
1989	1	18	CHI	B.J. Armstrong
1989	1	19	PHI	Kenny Payne
1989	1	20	CHI	Jeff Sanders
1989	1	21	UTA	Blue Edwards
1989	1	22	POR	Byron Irvin
1989	1	23	ATL	Roy Marble
1989	1	24	PHO	Anthony Cook
1989	1	25	CLE	John Morton
1989	1	26	LAL	Vlade Divac
1989	1	27	DET	Kenny Battle
1989	2	28	MIA	Sherman Douglas
1989	2	29	CHH	Dyron Nix
1989	2	30	MIL	Frank Kornet
1989	2	31	LAC	Jeff Martin
1989	2	32	NJN	Stanley Brundy
1989	2	33	LAC	Jay Edwards
1989	2	34	MIN	Gary Leonard
1989	2	35	DAL	Pat Durham
1989	2	36	POR	Clifford Robinson
1989	2	37	ORL	Michael Ansley
1989	2	38	MIN	Doug West
1989	2	39	WSB	Ed Horton
1989	2	40	BOS	Dino Radja
1989	2	41	WSB	Doug Roth
1989	2	42	DEN	Michael Cutright
1989	2	43	CLE	Chucky Brown
1989	2	44	PHI	Reggie Cross
1989	2	45	MIA	Scott Haffner
1989	2	46	PHO	Ricky Blanton
1989	2	47	DEN	Reggie Turner
1989	2	48	UTA	Junie Lewis
1989	2	49	ATL	Haywoode Workman
1989	2	50	NYK	Brian Quinnett
1990	1	1	NJN	Derrick Coleman
1990	1	2	SEA	Gary Payton
1990	1	3	DEN	Mahmoud Abdul-Rauf
1990	1	4	ORL	Dennis Scott
1990	1	5	CHH	Kendall Gill
1990	1	6	MIN	Felton Spencer
1990	1	7	SAC	Lionel Simmons
1990	1	8	LAC	Bo Kimble
1990	1	9	MIA	Willie Burton
1990	1	10	ATL	Rumeal Robinson
1990	1	11	GSW	Tyrone Hill
1990	1	12	HOU	Alec Kessler
1990	1	13	LAC	Loy Vaught
1990	1	14	SAC	Travis Mays
1990	1	15	MIA	Dave Jamerson
1990	1	16	MIL	Terry Mills
1990	1	17	NYK	Jerrod Mustaf
1990	1	18	SAC	Duane Causwell
1990	1	19	BOS	Dee Brown
1990	1	20	MIN	Gerald Glass
1990	1	21	PHO	Jayson Williams
1990	1	22	NJN	Tate George
1990	1	23	SAC	Anthony Bonner
1990	1	24	SAS	Dwayne Schintzius
1990	1	25	POR	Alaa Abdelnaby
1990	1	26	DET	Lance Blanks
1990	1	27	LAL	Elden Campbell
1990	2	28	GSW	Les Jepsen
1990	2	29	CHI	Toni Kukoc
1990	2	30	MIA	Carl Herrera
1990	2	31	PHO	Negele Knight
1990	2	32	PHI	Brian Oliver
1990	2	33	UTA	Walter Palmer
1990	2	34	GSW	Kevin Pritchard
1990	2	35	WSB	Greg Foster
1990	2	36	ATL	Trevor Wilson
1990	2	37	WSB	A.J. English
1990	2	38	SEA	Jud Buechler
1990	2	39	CHH	Steve Scheffler
1990	2	40	SAC	Bimbo Coles
1990	2	41	ATL	Steve Bardo
1990	2	42	DEN	Marcus Liberty
1990	2	43	SAS	Tony Massenburg
1990	2	44	MIL	Steve Henson
1990	2	45	IND	Antonio Davis
1990	2	46	IND	Kenny Williams
1990	2	47	PHI	Derek Strong
1990	2	48	PHO	Cedric Ceballos
1990	2	49	DAL	Phil Henderson
1990	2	50	PHO	Milos Babic
1991	1	1	CHH	Larry Johnson
1991	1	2	NJN	Kenny Anderson
1991	1	3	SAC	Billy Owens
1991	1	4	DEN	Dikembe Mutombo
1991	1	5	MIA	Steve Smith
1991	1	6	DAL	Doug Smith
1991	1	7	MIN	Luc Longley
1991	1	8	DEN	Mark Macon
1991	1	9	ATL	Stacey Augmon
1991	1	10	ORL	Bison Dele
1991	1	11	CLE	Terrell Brandon
1991	1	12	NYK	Greg Anthony
1991	1	13	IND	Dale Davis
1991	1	14	SEA	Rich King
1991	1	15	ATL	Anthony Avent
1991	1	16	GSW	Chris Gatling
1991	1	17	GSW	Victor Alexander
1991	1	18	MIL	Kevin Brooks
1991	1	19	WSB	LaBradford Smith
1991	1	20	HOU	John Turner
1991	1	21	UTA	Eric Murdock
1991	1	22	LAC	LeRon Ellis
1991	1	23	ORL	Stanley Roberts
1991	1	24	BOS	Rick Fox
1991	1	25	GSW	Shaun Vandiver
1991	1	26	CHI	Mark Randall
1991	1	27	SAC	Pete Chilcutt
1991	2	28	CHH	Kevin Lynch
1991	2	29	MIA	George Ackles
1991	2	30	ATL	Rodney Monroe
1991	2	31	SAC	Randy Brown
1991	2	32	PHO	Chad Gallagher
1991	2	33	DAL	Donald Hodge
1991	2	34	MIN	Myron Brown
1991	2	35	DAL	Mike Iuzzolino
1991	2	36	ORL	Chris Corchiani
1991	2	37	LAC	Elliot Perry
1991	2	38	LAC	Joe Wylie
1991	2	39	CLE	Jimmy Oliver
1991	2	40	DET	Doug Overton
1991	2	41	IND	Sean Green
1991	2	42	SAC	Steve Hood
1991	2	43	GSW	Lamont Strothers
1991	2	44	PHI	Alvaro Teheran
1991	2	45	MIL	Bobby Phills
1991	2	46	PHO	Richard Dumas
1991	2	47	HOU	Keith Hughes
1991	2	48	UTA	Isaac Austin
1991	2	49	SAS	Greg Sutton
1991	2	50	PHO	Joey Wright
1992	1	1	ORL	Shaquille ONeal
1992	1	2	CHH	Alonzo Mourning
1992	1	3	MIN	Christian Laettner
1992	1	4	DAL	Jim Jackson
1992	1	5	DEN	LaPhonso Ellis
1992	1	6	WSB	Tom Gugliotta
1992	1	7	SAC	Walt Williams
1992	1	8	MIL	Todd Day
1992	1	9	PHI	Clarence Weatherspoon
1992	1	10	ATL	Adam Keefe
1992	1	11	HOU	Robert Horry
1992	1	12	MIA	Harold Miner
1992	1	13	DEN	Bryant Stith
1992	1	14	IND	Malik Sealy
1992	1	15	LAL	Anthony Peeler
1992	1	16	LAC	Randy Woods
1992	1	17	SEA	Doug Christie
1992	1	18	SAS	Tracy Murray
1992	1	19	DET	Don MacLean
1992	1	20	NYK	Hubert Davis
1992	1	21	BOS	Jon Barry
1992	1	22	PHO	Oliver Miller
1992	1	23	MIL	Lee Mayberry
1992	1	24	GSW	Latrell Sprewell
1992	1	25	LAC	Elmore Spencer
1992	1	26	POR	Dave Johnson
1992	1	27	CHI	Byron Houston
1992	2	28	MIN	Marlon Maxey
1992	2	29	NJN	P.J. Brown
1992	2	30	DAL	Sean Rooks
1992	2	31	POR	Reggie Smith
1992	2	32	WSB	Brent Price
1992	2	33	CHI	Corey Williams
1992	2	34	MIN	Chris Smith
1992	2	35	CHH	Tony Bennett
1992	2	36	LAL	Duane Cooper
1992	2	37	MIA	Isaiah Morris
1992	2	38	ATL	Elmer Bennett
1992	2	39	CHI	Litterial Green
1992	2	40	NJN	Steve Rogers
1992	2	41	HOU	Popeye Jones
1992	2	42	MIA	Matt Geiger
1992	2	43	GSW	Sasha Danilovic
1992	2	44	SAS	Henry Williams
1992	2	45	SEA	Chris King
1992	2	46	DEN	Robert Werdann
1992	2	47	BOS	Darren Morningstar
1992	2	48	PHO	Brian Davis
1992	2	49	PHO	Ron Ellis
1992	2	50	GSW	Matt Fish
1993	1	1	ORL	Chris Webber
1993	1	2	PHI	Shawn Bradley
1993	1	3	GSW	Anfernee Hardaway
1993	1	4	DAL	Jamal Mashburn
1993	1	5	MIN	Isaiah Rider
1993	1	6	WSB	Calbert Cheaney
1993	1	7	SAC	Bobby Hurley
1993	1	8	MIL	Vin Baker
1993	1	9	DEN	Rodney Rogers
1993	1	10	DET	Lindsey Hunter
1993	1	11	DET	Allan Houston
1993	1	12	LAL	George Lynch
1993	1	13	LAC	Terry Dehere
1993	1	14	IND	Scott Haskin
1993	1	15	ATL	Doug Edwards
1993	1	16	NJN	Rex Walters
1993	1	17	CHH	Greg Graham
1993	1	18	UTA	Luther Wright
1993	1	19	BOS	Acie Earl
1993	1	20	CHH	Scott Burrell
1993	1	21	POR	James Robinson
1993	1	22	CLE	Chris Mills
1993	1	23	SEA	Ervin Johnson
1993	1	24	HOU	Sam Cassell
1993	1	25	CHI	Corie Blount
1993	1	26	ORL	Geert Hammink
1993	1	27	PHO	Malcolm Mackey
1993	2	28	DAL	Lucious Harris
1993	2	29	MIN	Sherron Mills
1993	2	30	WSB	Gheorghe Muresan
1993	2	31	SAC	Evers Burns
1993	2	32	PHI	Alphonso Ford
1993	2	33	DAL	Eric Riley
1993	2	34	GSW	Darnell Mee
1993	2	35	MIA	Ed Stokes
1993	2	36	NJN	John Best
1993	2	37	LAL	Nick Van Exel
1993	2	38	WSB	Conrad McRae
1993	2	39	IND	Thomas Hill
1993	2	40	ATL	Rich Manning
1993	2	41	CHI	Anthony Reed
1993	2	42	SEA	Adonis Jordan
1993	2	43	DEN	Josh Grant
1993	2	44	SAC	Alex Holcombe
1993	2	45	UTA	Bryon Russell
1993	2	46	HOU	Richard Petruska
1993	2	47	SAS	Chris Whitney
1993	2	48	POR	Kevin Thompson
1993	2	49	PHO	Mark Buford
1993	2	50	HOU	Marcelo Nicola
1994	1	1	MIL	Glenn Robinson
1994	1	2	DAL	Jason Kidd
1994	1	3	DET	Grant Hill
1994	1	4	MIN	Donyell Marshall
1994	1	5	WSB	Juwan Howard
1994	1	6	PHI	Sharone Wright
1994	1	7	LAC	Lamond Murray
1994	1	8	SAC	Brian Grant
1994	1	9	BOS	Eric Montross
1994	1	10	LAL	Eddie Jones
1994	1	11	SEA	Carlos Rogers
1994	1	12	MIA	Khalid Reeves
1994	1	13	DEN	Jalen Rose
1994	1	14	NJN	Yinka Dare
1994	1	15	IND	Eric Piatkowski
1994	1	16	GSW	Clifford Rozier
1994	1	17	POR	Aaron McKie
1994	1	18	MIL	Eric Mobley
1994	1	19	DAL	Tony Dumas
1994	1	20	PHI	B.J. Tyler
1994	1	21	CHI	Dickey Simpkins
1994	1	22	SAS	Bill Curley
1994	1	23	PHO	Wesley Person
1994	1	24	NYK	Monty Williams
1994	1	25	LAC	Greg Minor
1994	1	26	NYK	Charlie Ward
1994	1	27	ORL	Brooks Thompson
1994	2	28	DAL	Deon Thomas
1994	2	29	PHO	Antonio Lang
1994	2	30	MIN	Howard Eisley
1994	2	31	ORL	Rodney Dent
1994	2	32	WSB	Jim McIlvaine
1994	2	33	PHI	Derrick Alston
1994	2	34	ATL	Gaylon Nickerson
1994	2	35	SAC	Michael Smith2
1994	2	36	BOS	Andrei Fetisov
1994	2	37	SEA	Dontonio Wingfield
1994	2	38	CHH	Darrin Hancock
1994	2	39	GSW	Anthony Miller
1994	2	40	MIA	Jeff Webster
1994	2	41	IND	William Njoku
1994	2	42	CLE	Gary Collier
1994	2	43	POR	Shawnelle Scott
1994	2	44	IND	Damon Bailey
1994	2	45	GSW	Dwayne Morton
1994	2	46	MIL	Voshon Lenard
1994	2	47	UTA	Jamie Watson
1994	2	48	DET	Jevon Crudup
1994	2	49	CHI	Kris Bruton
1994	2	50	PHO	Charles Claxton
1995	1	1	GSW	Joe Smith
1995	1	2	LAC	Antonio McDyess
1995	1	3	PHI	Jerry Stackhouse
1995	1	4	WSB	Rasheed Wallace
1995	1	5	MIN	Kevin Garnett
1995	1	6	VAN	Bryant Reeves
1995	1	7	TOR	Damon Stoudamire
1995	1	8	POR	Shawn Respert
1995	1	9	NJN	Ed OBannon
1995	1	10	MIA	Kurt Thomas
1995	1	11	MIL	Gary Trent
1995	1	12	DAL	Cherokee Parks
1995	1	13	SAC	Corliss Williamson
1995	1	14	BOS	Eric Williams
1995	1	15	DEN	Brent Barry
1995	1	16	ATL	Alan Henderson
1995	1	17	CLE	Bob Sura
1995	1	18	DET	Theo Ratliff
1995	1	19	DET	Randolph Childress
1995	1	20	CHI	Jason Caffey
1995	1	21	PHO	Michael Finley
1995	1	22	CHH	George Zidek
1995	1	23	IND	Travis Best
1995	1	24	DAL	Loren Meyer
1995	1	25	ORL	David Vaughn
1995	1	26	SEA	Sherell Ford
1995	1	27	PHO	Mario Bennett
1995	1	28	UTA	Greg Ostertag
1995	1	29	SAS	Cory Alexander
1995	2	30	DET	Lou Roe
1995	2	31	CHI	Dragan Tarlac
1995	2	32	WSB	Terrence Rencher
1995	2	33	BOS	Junior Burrough
1995	2	34	GSW	Andrew DeClercq
1995	2	35	TOR	Jimmy King
1995	2	36	VAN	Lawrence Moten
1995	2	37	LAL	Frankie King
1995	2	38	MIL	Rashard Griffith
1995	2	39	CLE	Donny Marshall
1995	2	40	GSW	Dwayne Whitfield
1995	2	41	HOU	Erik Meek
1995	2	42	ATL	Donnie Boyce
1995	2	43	MIL	Eric Snow
1995	2	44	DEN	Anthony Pelle
1995	2	45	ATL	Troy Brown
1995	2	46	MIA	George Banks
1995	2	47	SAC	Tyus Edney
1995	2	48	MIN	Mark Davis
1995	2	49	MIN	Jerome Allen
1995	2	50	GSW	Martin Lewis
1996	1	1	PHI	Allen Iverson
1996	1	2	TOR	Marcus Camby
1996	1	3	VAN	Shareef Abdur-Rahim
1996	1	4	MIL	Stephon Marbury
1996	1	5	MIN	Ray Allen
1996	1	6	BOS	Antoine Walker
1996	1	7	LAC	Lorenzen Wright
1996	1	8	NJN	Kerry Kittles
1996	1	9	DAL	Samaki Walker
1996	1	10	IND	Erick Dampier
1996	1	11	GSW	Todd Fuller
1996	1	12	CLE	Vitaly Potapenko
1996	1	13	CHH	Kobe Bryant
1996	1	14	SAC	Peja Stojakovic
1996	1	15	PHO	Steve Nash
1996	1	16	CHH	Tony Delk
1996	1	17	POR	Jermaine ONeal
1996	1	18	NYK	John Wallace
1996	1	19	NYK	Walter McCarty
1996	1	20	CLE	Zydrunas Ilgauskas
1996	1	21	NYK	Dontae Jones
1996	1	22	VAN	Roy Rogers
1996	1	23	DEN	Efthimi Rentzias
1996	1	24	LAL	Derek Fisher
1996	1	25	UTA	Martin Muursepp
1996	1	26	DET	Jerome Williams
1996	1	27	ORL	Brian Evans
1996	1	28	ATL	Priest Lauderdale
1996	1	29	CHI	Travis Knight
1996	2	30	HOU	Othella Harrington
1996	2	31	PHI	Mark Hendrickson
1996	2	32	PHI	Ryan Minor
1996	2	33	MIL	Moochie Norris
1996	2	34	DAL	Shawn Harvey
1996	2	35	SEA	Joseph Blair
1996	2	36	LAC	Doron Sheffer
1996	2	37	DEN	Jeff McInnis
1996	2	38	BOS	Steve Hamer
1996	2	39	PHO	Russ Millard
1996	2	40	GSW	Marcus Mann
1996	2	41	SAC	Jason Sasser
1996	2	42	HOU	Randy Livingston
1996	2	43	PHO	Ben Davis
1996	2	44	CHH	Malik Rose
1996	2	45	SEA	Joe Vogel
1996	2	46	POR	Marcus Brown
1996	2	47	SEA	Ron Riley
1996	2	48	PHI	Jamie Feick
1996	2	49	ORL	Amal McCaskill
1996	2	50	HOU	Terrell Bell
1997	1	1	SAS	Tim Duncan
1997	1	2	PHI	Keith Van Horn
1997	1	3	BOS	Chauncey Billups
1997	1	4	VAN	Antonio Daniels
1997	1	5	DEN	Tony Battie
1997	1	6	BOS	Ron Mercer
1997	1	7	NJN	Tim Thomas
1997	1	8	GSW	Adonal Foyle
1997	1	9	TOR	Tracy McGrady
1997	1	10	MIL	Danny Fortson
1997	1	11	SAC	Tariq Abdul-Wahad
1997	1	12	IND	Austin Croshere
1997	1	13	CLE	Derek Anderson
1997	1	14	LAC	Maurice Taylor
1997	1	15	DAL	Kelvin Cato
1997	1	16	CLE	Brevin Knight
1997	1	17	ORL	Johnny Taylor
1997	1	18	POR	Chris Anstey
1997	1	19	DET	Scot Pollard
1997	1	20	MIN	Paul Grant
1997	1	21	NJN	Anthony Parker
1997	1	22	ATL	Ed Gray
1997	1	23	SEA	Bobby Jackson
1997	1	24	HOU	Rodrick Rhodes
1997	1	25	NYK	John Thomas
1997	1	26	MIA	Charles Smith3
1997	1	27	UTA	Jacque Vaughn
1997	1	28	CHI	Keith Booth
1997	2	29	HOU	Serge Zwikker
1997	2	30	MIA	Mark Sanford
1997	2	31	DET	Charles OBannon
1997	2	32	DEN	James Cotton
1997	2	33	PHI	Marko Milic
1997	2	34	DAL	Bubba Wells
1997	2	35	PHI	Kebu Stewart
1997	2	36	PHI	James Collins
1997	2	37	GSW	Marc Jackson
1997	2	38	MIL	Jerald Honeycutt
1997	2	39	SAC	Anthony Johnson
1997	2	40	SEA	Eddie Elisma
1997	2	41	DEN	Jason Lawson
1997	2	42	PHO	Stephen Jackson
1997	2	43	MIN	Gordon Malone
1997	2	44	CLE	Cedric Henderson
1997	2	45	WAS	God Shammgod
1997	2	46	ORL	Eric Washington
1997	2	47	POR	Alvin Williams
1997	2	48	WAS	Predrag Drobnjak
1997	2	49	ATL	Alain Digbeu
1997	2	50	ATL	Chris Crawford
1998	1	1	LAC	Michael Olowokandi
1998	1	2	VAN	Mike Bibby
1998	1	3	DEN	Raef LaFrentz
1998	1	4	TOR	Antawn Jamison
1998	1	5	GSW	Vince Carter
1998	1	6	DAL	Robert Traylor
1998	1	7	SAC	Jason Williams
1998	1	8	PHI	Larry Hughes
1998	1	9	MIL	Dirk Nowitzki
1998	1	10	BOS	Paul Pierce
1998	1	11	DET	Bonzi Wells
1998	1	12	ORL	Michael Doleac
1998	1	13	ORL	Keon Clark
1998	1	14	HOU	Michael Dickerson
1998	1	15	ORL	Matt Harpring
1998	1	16	HOU	Bryce Drew
1998	1	17	MIN	Rasho Nesterovic
1998	1	18	HOU	Mirsad Turkcan
1998	1	19	MIL	Pat Garrity
1998	1	20	ATL	Roshown McLeod
1998	1	21	CHH	Ricky Davis
1998	1	22	LAC	Brian Skinner
1998	1	23	DEN	Tyronn Lue
1998	1	24	SAS	Felipe Lopez
1998	1	25	IND	Al Harrington
1998	1	26	LAL	Sam Jacobson
1998	1	27	SEA	Vladimir Stepania
1998	1	28	CHI	Corey Benjamin
1998	1	29	UTA	Nazr Mohammed
1998	2	30	DAL	Ansu Sesay
1998	2	31	LAL	Ruben Patterson
1998	2	32	SEA	Rashard Lewis
1998	2	33	SEA	Jelani McCoy
1998	2	34	CHI	Shammond Williams
1998	2	35	DAL	Bruno Sundov
1998	2	36	SAC	Jerome James
1998	2	37	PHI	Casey Shaw
1998	2	38	NYK	DeMarco Johnson
1998	2	39	MIL	Rafer Alston
1998	2	40	DET	Korleone Young
1998	2	41	HOU	Cuttino Mobley
1998	2	42	ORL	Miles Simon
1998	2	43	WAS	Jahidi White
1998	2	44	NYK	Sean Marks
1998	2	45	LAL	Toby Bailey
1998	2	46	MIN	Andrae Patterson
1998	2	47	TOR	Tyson Wheeler
1998	2	48	CLE	Ryan Stack
1998	2	49	ATL	Cory Carr
1998	2	50	CHH	Andrew Betts
1999	1	1	CHI	Elton Brand
1999	1	2	VAN	Steve Francis
1999	1	3	CHH	Baron Davis
1999	1	4	LAC	Lamar Odom
1999	1	5	TOR	Jonathan Bender
1999	1	6	MIN	Wally Szczerbiak
1999	1	7	WAS	Richard Hamilton
1999	1	8	CLE	Andre Miller
1999	1	9	PHO	Shawn Marion
1999	1	10	ATL	Jason Terry
1999	1	11	CLE	Trajan Langdon
1999	1	12	TOR	Aleksandar Radojevic
1999	1	13	SEA	Corey Maggette
1999	1	14	MIN	William Avery
1999	1	15	NYK	Frederic Weis
1999	1	16	CHI	Metta World Peace
1999	1	17	ATL	Cal Bowdler
1999	1	18	DEN	James Posey
1999	1	19	UTA	Quincy Lewis
1999	1	20	ATL	Dion Glover
1999	1	21	GSW	Jeff Foster
1999	1	22	HOU	Kenny Thomas
1999	1	23	LAL	Devean George
1999	1	24	UTA	Andrei Kirilenko
1999	1	25	MIA	Tim James
1999	1	26	IND	Vonteego Cummings
1999	1	27	ATL	Jumaine Jones
1999	1	28	UTA	Scott Padgett
1999	1	29	SAS	Leon Smith
1999	2	30	LAL	John Celestand
1999	2	31	LAC	Rico Hill
1999	2	32	CHI	Michael Ruffin
1999	2	33	DEN	Chris Herren
1999	2	34	NJN	Evan Eschmeyer
1999	2	35	WAS	Calvin Booth
1999	2	36	DAL	Wang Zhizhi
1999	2	37	VAN	Obinna Ekezie
1999	2	38	ORL	Laron Profit
1999	2	39	CLE	A.J. Bramlett
1999	2	40	DAL	Gordan Giricek
1999	2	41	DEN	Francisco Elson
1999	2	42	MIN	Louis Bullock
1999	2	43	CHH	Lee Nailon
1999	2	44	HOU	Tyrone Washington
1999	2	45	SAC	Ryan Robertson
1999	2	46	NYK	J.R. Koch
1999	2	47	PHI	Todd MacCulloch
1999	2	48	MIL	Galen Young
1999	2	49	CHI	Lari Ketner
1999	2	50	HOU	Venson Hamilton
2000	1	1	NJN	Kenyon Martin
2000	1	2	VAN	Stromile Swift
2000	1	3	LAC	Darius Miles
2000	1	4	CHI	Marcus Fizer
2000	1	5	ORL	Mike Miller
2000	1	6	ATL	DerMarr Johnson
2000	1	7	CHI	Chris Mihm
2000	1	8	CLE	Jamal Crawford
2000	1	9	HOU	Joel Przybilla
2000	1	10	ORL	Keyon Dooling
2000	1	11	BOS	Jerome Moiso
2000	1	12	DAL	Etan Thomas
2000	1	13	ORL	Courtney Alexander
2000	1	14	DET	Mateen Cleaves
2000	1	15	MIL	Jason Collier
2000	1	16	SAC	Hedo Turkoglu
2000	1	17	SEA	Desmond Mason
2000	1	18	LAC	Quentin Richardson
2000	1	19	CHH	Jamaal Magloire
2000	1	20	PHI	Speedy Claxton
2000	1	21	TOR	Morris Peterson
2000	1	22	NYK	Donnell Harvey
2000	1	23	UTA	DeShawn Stevenson
2000	1	24	CHI	Dalibor Bagaric
2000	1	25	PHO	Jake Tsakalidis
2000	1	26	DEN	Mamadou NDiaye
2000	1	27	IND	Primoz Brezec
2000	1	28	POR	Erick Barkley
2000	1	29	LAL	Mark Madsen
2000	2	30	LAC	Marko Jaric
2000	2	31	DAL	Dan Langhi
2000	2	32	CHI	A.J. Guyton
2000	2	33	CHI	Jake Voskuhl
2000	2	34	CHI	Khalid El-Amin
2000	2	35	WAS	Mike Smith
2000	2	36	NJN	Soumaila Samake
2000	2	37	MIA	Eddie House
2000	2	38	HOU	Eduardo Najera
2000	2	39	NYK	Lavor Postell
2000	2	40	ATL	Hanno Mottola
2000	2	41	SAS	Chris Carrawell
2000	2	42	SEA	Olumide Oyedeji
2000	2	43	MIL	Michael Redd
2000	2	44	DET	Brian Cardinal
2000	2	45	SAC	Jabari Smith
2000	2	46	TOR	DeeAndre Hulett
2000	2	47	SEA	Josip Sesar
2000	2	48	PHI	Mark Karcher
2000	2	49	MIL	Jason Hart
2000	2	50	UTA	Kaniel Dickens
2001	1	1	WAS	Kwame Brown
2001	1	2	LAC	Tyson Chandler
2001	1	3	ATL	Pau Gasol
2001	1	4	CHI	Eddy Curry
2001	1	5	GSW	Jason Richardson
2001	1	6	MEM	Shane Battier
2001	1	7	NJN	Eddie Griffin
2001	1	8	CLE	DeSagana Diop
2001	1	9	DET	Rodney White
2001	1	10	BOS	Joe Johnson
2001	1	11	BOS	Kedrick Brown
2001	1	12	SEA	Vladimir Radmanovic
2001	1	13	HOU	Richard Jefferson
2001	1	14	GSW	Troy Murphy
2001	1	15	ORL	Steven Hunter
2001	1	16	CHH	Kirk Haston
2001	1	17	TOR	Michael Bradley
2001	1	18	HOU	Jason Collins
2001	1	19	POR	Zach Randolph
2001	1	20	CLE	Brendan Haywood
2001	1	21	BOS	Joseph Forte
2001	1	22	ORL	Jeryl Sasser
2001	1	23	HOU	Brandon Armstrong
2001	1	24	UTA	Raul Lopez
2001	1	25	SAC	Gerald Wallace
2001	1	26	PHI	Samuel Dalembert
2001	1	27	MEM	Jamaal Tinsley
2001	1	28	SAS	Tony Parker
2001	2	30	CHI	Trenton Hassell
2001	2	31	GSW	Gilbert Arenas
2001	2	32	ORL	Omar Cook
2001	2	33	MEM	Will Solomon
2001	2	34	ATL	Terence Morris
2001	2	35	NJN	Brian Scalabrine
2001	2	36	CLE	Jeff Trepagnier
2001	2	37	PHI	Damone Brown
2001	2	38	DET	Mehmet Okur
2001	2	39	NYK	Michael Wright
2001	2	40	SEA	Earl Watson
2001	2	41	IND	Jamison Brewer
2001	2	42	SEA	Bobby Simmons
2001	2	43	NYK	Eric Chenowith
2001	2	44	DAL	Kyle Hill
2001	2	45	CHI	Sean Lampley
2001	2	46	MIN	Loren Woods
2001	2	47	DEN	Ousmane Cisse
2001	2	48	MEM	Antonis Fotsis
2001	2	49	MIA	Ken Johnson
2001	2	50	POR	Ruben Boumtje-Boumtje
2002	1	1	HOU	Yao Ming
2002	1	2	CHI	Jay Williams
2002	1	3	GSW	Mike Dunleavy
2002	1	4	MEM	Drew Gooden
2002	1	5	DEN	Nikoloz Tskitishvili
2002	1	6	CLE	Dajuan Wagner
2002	1	7	NYK	Nene Hilario
2002	1	8	LAC	Chris Wilcox
2002	1	9	PHO	Amare Stoudemire
2002	1	10	MIA	Caron Butler
2002	1	11	WAS	Jared Jeffries
2002	1	12	LAC	Melvin Ely
2002	1	13	MIL	Marcus Haislip
2002	1	14	IND	Fred Jones
2002	1	15	HOU	Bostjan Nachbar
2002	1	16	PHI	Jiri Welsch
2002	1	17	WAS	Juan Dixon
2002	1	18	ORL	Curtis Borchardt
2002	1	19	UTA	Ryan Humphrey
2002	1	20	TOR	Kareem Rush
2002	1	21	POR	Qyntel Woods
2002	1	22	PHO	Casey Jacobsen
2002	1	23	DET	Tayshaun Prince
2002	1	24	NJN	Nenad Krstic
2002	1	25	DEN	Frank Williams
2002	1	26	SAS	John Salmons
2002	1	27	LAL	Chris Jefferies
2002	1	28	SAC	Dan Dickau
2002	2	29	GSW	Steve Logan
2002	2	30	CHI	Roger Mason
2002	2	31	MEM	Robert Archibald
2002	2	32	DEN	Vincent Yarbrough
2002	2	33	MIL	Dan Gadzuric
2002	2	34	CLE	Carlos Boozer
2002	2	35	NYK	Milos Vujanic
2002	2	36	ATL	David Andersen
2002	2	37	HOU	Tito Maddox
2002	2	38	WAS	Rod Grizzard
2002	2	39	WAS	Juan Carlos Navarro
2002	2	40	LAC	Mario Kasun
2002	2	41	MIL	Ronald Murray
2002	2	42	POR	Jason Jennings
2002	2	43	CHI	Lonny Baxter
2002	2	44	PHI	Sam Clancy
2002	2	45	MEM	Matt Barnes
2002	2	46	UTA	Jamal Sampson
2002	2	47	MIL	Chris Owens
2002	2	48	SEA	Peter Fehse
2002	2	49	BOS	Darius Songaila
2002	2	50	POR	Federico Kammerichs
2003	1	1	CLE	LeBron James
2003	1	2	DET	Darko Milicic
2003	1	3	DEN	Carmelo Anthony
2003	1	4	TOR	Chris Bosh
2003	1	5	MIA	Dwyane Wade
2003	1	6	LAC	Chris Kaman
2003	1	7	CHI	Kirk Hinrich
2003	1	8	MIL	T.J. Ford
2003	1	9	NYK	Mike Sweetney
2003	1	10	WAS	Jarvis Hayes
2003	1	11	GSW	Mickael Pietrus
2003	1	12	SEA	Nick Collison
2003	1	13	MEM	Marcus Banks
2003	1	14	SEA	Luke Ridnour
2003	1	15	ORL	Reece Gaines
2003	1	16	BOS	Troy Bell
2003	1	17	PHO	Zarko Cabarkapa
2003	1	18	NOH	David West
2003	1	19	UTA	Sasha Pavlovic
2003	1	20	BOS	Dahntay Jones
2003	1	21	ATL	Boris Diaw
2003	1	22	NJN	Zoran Planinic
2003	1	23	POR	Travis Outlaw
2003	1	24	LAL	Brian Cook
2003	1	25	DET	Carlos Delfino
2003	1	26	MIN	Ndudi Ebi
2003	1	27	MEM	Kendrick Perkins
2003	1	28	SAS	Leandro Barbosa
2003	1	29	DAL	Josh Howard
2003	2	30	NYK	Maciej Lampe
2003	2	31	CLE	Jason Kapono
2003	2	32	LAL	Luke Walton
2003	2	33	MIA	Jerome Beasley
2003	2	34	LAC	Sofoklis Schortsanitis
2003	2	35	MIL	Szymon Szewczyk
2003	2	36	CHI	Mario Austin
2003	2	37	ATL	Travis Hansen
2003	2	38	WAS	Steve Blake
2003	2	39	NYK	Slavko Vranes
2003	2	40	GSW	Derrick Zimmerman
2003	2	41	SEA	Willie Green
2003	2	42	ORL	Zaza Pachulia
2003	2	43	MIL	Keith Bogans
2003	2	44	HOU	Malick Badiane
2003	2	45	CHI	Matt Bonner
2003	2	46	DEN	Sani Becirovic
2003	2	47	UTA	Mo Williams
2003	2	48	NOH	James Lang
2003	2	49	IND	James Jones
2003	2	50	PHI	Paccelis Morlende
2004	1	1	ORL	Dwight Howard
2004	1	2	CHA	Emeka Okafor
2004	1	3	CHI	Ben Gordon
2004	1	4	LAC	Shaun Livingston
2004	1	5	WAS	Devin Harris
2004	1	6	ATL	Josh Childress
2004	1	7	PHO	Luol Deng
2004	1	8	TOR	Rafael Araujo
2004	1	9	PHI	Andre Iguodala
2004	1	10	CLE	Luke Jackson
2004	1	11	GSW	Andris Biedrins
2004	1	12	SEA	Robert Swift
2004	1	13	POR	Sebastian Telfair
2004	1	14	UTA	Kris Humphries
2004	1	15	BOS	Al Jefferson
2004	1	16	UTA	Kirk Snyder
2004	1	17	ATL	Josh Smith
2004	1	18	NOH	J.R. Smith
2004	1	19	MIA	Dorell Wright
2004	1	20	DEN	Jameer Nelson
2004	1	21	UTA	Pavel Podkolzin
2004	1	22	NJN	Viktor Khryapa
2004	1	23	POR	Sergei Monia
2004	1	24	BOS	Delonte West
2004	1	25	BOS	Tony Allen
2004	1	26	SAC	Kevin Martin
2004	1	27	LAL	Sasha Vujacic
2004	1	28	SAS	Beno Udrih
2004	1	29	IND	David Harrison
2004	2	30	ORL	Anderson Varejao
2004	2	31	CHI	Jackson Vroman
2004	2	32	WAS	Peter John Ramos
2004	2	33	LAC	Lionel Chalmers
2004	2	34	ATL	Donta Smith
2004	2	35	SEA	Andre Emmett
2004	2	36	ORL	Antonio Burks
2004	2	37	ATL	Royal Ivey
2004	2	38	CHI	Chris Duhon
2004	2	39	TOR	Albert Miralles
2004	2	40	BOS	Justin Reed
2004	2	41	SEA	David Young
2004	2	42	ATL	Viktor Sanikidze
2004	2	43	NYK	Trevor Ariza
2004	2	44	NOH	Tim Pickett
2004	2	45	CHA	Bernard Robinson
2004	2	46	POR	Ha Seung-Jin
2004	2	47	MIA	Pape Sow
2004	2	48	SAC	Ricky Minard
2004	2	49	MEM	Sergei Lishouk
2004	2	50	DAL	Vassilis Spanoulis
2005	1	1	MIL	Andrew Bogut
2005	1	2	ATL	Marvin Williams
2005	1	3	UTA	Deron Williams
2005	1	4	NOH	Chris Paul
2005	1	5	CHA	Raymond Felton
2005	1	6	POR	Martell Webster
2005	1	7	TOR	Charlie Villanueva
2005	1	8	NYK	Channing Frye
2005	1	9	GSW	Ike Diogu
2005	1	10	LAL	Andrew Bynum
2005	1	11	ORL	Fran Vazquez
2005	1	12	LAC	Yaroslav Korolev
2005	1	13	CHA	Sean May
2005	1	14	MIN	Rashad McCants
2005	1	15	NJN	Antoine Wright
2005	1	16	TOR	Joey Graham
2005	1	17	IND	Danny Granger
2005	1	18	BOS	Gerald Green
2005	1	19	MEM	Hakim Warrick
2005	1	20	DEN	Julius Hodge
2005	1	21	PHO	Nate Robinson
2005	1	22	DEN	Jarrett Jack
2005	1	23	SAC	Francisco Garcia
2005	1	24	HOU	Luther Head
2005	1	25	SEA	Johan Petro
2005	1	26	DET	Jason Maxiell
2005	1	27	POR	Linas Kleiza
2005	1	28	SAS	Ian Mahinmi
2005	1	29	MIA	Wayne Simien
2005	1	30	NYK	David Lee
2005	2	31	ATL	Salim Stoudamire
2005	2	32	LAC	Daniel Ewing
2005	2	33	NOH	Brandon Bass
2005	2	34	UTA	C.J. Miles
2005	2	35	POR	Ricky Sanchez
2005	2	36	MIL	Ersan Ilyasova
2005	2	37	LAL	Ronny Turiaf
2005	2	38	ORL	Travis Diener
2005	2	39	LAL	Von Wafer
2005	2	40	GSW	Monta Ellis
2005	2	41	TOR	Roko Ukic
2005	2	42	GSW	Chris Taft
2005	2	43	NJN	Mile Ilic
2005	2	44	ORL	Martynas Andriuskevicius
2005	2	45	PHI	Louis Williams
2005	2	46	IND	Erazem Lorbek
2005	2	47	MIN	Bracey Wright
2005	2	48	SEA	Mickael Gelabale
2005	2	49	WAS	Andray Blatche
2005	2	50	BOS	Ryan Gomes
2006	1	1	TOR	Andrea Bargnani
2006	1	2	CHI	LaMarcus Aldridge
2006	1	3	CHA	Adam Morrison
2006	1	4	POR	Tyrus Thomas
2006	1	5	ATL	Shelden Williams
2006	1	6	MIN	Brandon Roy
2006	1	7	BOS	Randy Foye
2006	1	8	HOU	Rudy Gay
2006	1	9	GSW	Patrick OBryant
2006	1	10	SEA	Mouhamed Sene
2006	1	11	ORL	J.J. Redick
2006	1	12	NOK	Hilton Armstrong
2006	1	13	PHI	Thabo Sefolosha
2006	1	14	UTA	Ronnie Brewer
2006	1	15	NOK	Cedric Simmons
2006	1	16	CHI	Rodney Carney
2006	1	17	IND	Shawne Williams
2006	1	18	WAS	Oleksiy Pecherov
2006	1	19	SAC	Quincy Douby
2006	1	20	NYK	Renaldo Balkman
2006	1	21	PHO	Rajon Rondo
2006	1	22	NJN	Marcus Williams1
2006	1	23	NJN	Josh Boone
2006	1	24	MEM	Kyle Lowry
2006	1	25	CLE	Shannon Brown
2006	1	26	LAL	Jordan Farmar
2006	1	27	PHO	Sergio Rodriguez
2006	1	28	DAL	Maurice Ager
2006	1	29	NYK	Mardy Collins
2006	1	30	POR	Joel Freeland
2006	2	31	POR	James White
2006	2	32	HOU	Steve Novak
2006	2	33	ATL	Solomon Jones
2006	2	34	LAC	Paul Davis
2006	2	35	TOR	P.J. Tucker
2006	2	36	MIN	Craig Smith
2006	2	37	MIN	Bobby Jones
2006	2	38	GSW	Kosta Perovic
2006	2	39	MIL	David Noel
2006	2	40	SEA	Denham Brown
2006	2	41	ORL	James Augustine
2006	2	42	CLE	Daniel Gibson
2006	2	43	NOK	Marcus Vinicius
2006	2	44	ORL	Lior Eliyahu
2006	2	45	IND	Alexander Johnson
2006	2	46	UTA	Dee Brown
2006	2	47	UTA	Paul Millsap
2006	2	48	WAS	Vladimir Veremeenko
2006	2	49	DEN	Leon Powe
2006	2	50	CHA	Ryan Hollins
2007	1	1	POR	Greg Oden
2007	1	2	SEA	Kevin Durant
2007	1	3	ATL	Al Horford
2007	1	4	MEM	Mike Conley
2007	1	5	BOS	Jeff Green
2007	1	6	MIL	Yi Jianlian
2007	1	7	MIN	Corey Brewer
2007	1	8	CHA	Brandan Wright
2007	1	9	CHI	Joakim Noah
2007	1	10	SAC	Spencer Hawes
2007	1	11	ATL	Acie Law
2007	1	12	PHI	Thaddeus Young
2007	1	13	NOK	Julian Wright
2007	1	14	LAC	Al Thornton
2007	1	15	DET	Rodney Stuckey
2007	1	16	WAS	Nick Young
2007	1	17	NJN	Sean Williams
2007	1	18	GSW	Marco Belinelli
2007	1	19	LAL	Javaris Crittenton
2007	1	20	MIA	Jason Smith
2007	1	21	PHI	Daequan Cook
2007	1	22	CHA	Jared Dudley
2007	1	23	NYK	Wilson Chandler
2007	1	24	PHO	Rudy Fernandez
2007	1	25	UTA	Morris Almond
2007	1	26	HOU	Aaron Brooks
2007	1	27	DET	Arron Afflalo
2007	1	28	SAS	Tiago Splitter
2007	1	29	PHO	Alando Tucker
2007	1	30	PHI	Petteri Koponen
2007	2	31	SEA	Carl Landry
2007	2	32	BOS	Gabe Pruitt
2007	2	33	SAS	Marcus Williams2
2007	2	34	DAL	Nick Fazekas
2007	2	35	SEA	Glen Davis
2007	2	36	GSW	Jermareo Davidson
2007	2	37	POR	Josh McRoberts
2007	2	38	PHI	Kyrylo Fesenko
2007	2	39	MIA	Stanko Barac
2007	2	40	LAL	Sun Yue
2007	2	41	MIN	Chris Richard
2007	2	42	POR	Derrick Byars
2007	2	43	NOK	Adam Haluska
2007	2	44	ORL	Reyshawn Terry
2007	2	45	LAC	Jared Jordan
2007	2	46	GSW	Stephane Lasme
2007	2	47	WAS	Dominic McGuire
2007	2	48	LAL	Marc Gasol
2007	2	49	CHI	Aaron Gray
2007	2	50	DAL	Renaldas Seibutis
2008	1	1	CHI	Derrick Rose
2008	1	2	MIA	Michael Beasley
2008	1	3	MIN	O.J. Mayo
2008	1	4	SEA	Russell Westbrook
2008	1	5	MEM	Kevin Love
2008	1	6	NYK	Danilo Gallinari
2008	1	7	LAC	Eric Gordon
2008	1	8	MIL	Joe Alexander
2008	1	9	CHA	D.J. Augustin
2008	1	10	NJN	Brook Lopez
2008	1	11	IND	Jerryd Bayless
2008	1	12	SAC	Jason Thompson
2008	1	13	POR	Brandon Rush
2008	1	14	GSW	Anthony Randolph
2008	1	15	PHO	Robin Lopez
2008	1	16	PHI	Marreese Speights
2008	1	17	TOR	Roy Hibbert
2008	1	18	WAS	JaVale McGee
2008	1	19	CLE	J.J. Hickson
2008	1	20	CHA	Alexis Ajinca
2008	1	21	NJN	Ryan Anderson
2008	1	22	ORL	Courtney Lee
2008	1	23	UTA	Kosta Koufos
2008	1	24	SEA	Serge Ibaka
2008	1	25	HOU	Nicolas Batum
2008	1	26	SAS	George Hill
2008	1	27	NOH	Darrell Arthur
2008	1	28	MEM	Donte Greene
2008	1	29	DET	D.J. White
2008	1	30	BOS	J.R. Giddens
2008	2	31	MIN	Nikola Pekovic
2008	2	32	SEA	Walter Sharpe
2008	2	33	POR	Joey Dorsey
2008	2	34	MIN	Mario Chalmers
2008	2	35	LAC	DeAndre Jordan
2008	2	36	POR	Omer Asik
2008	2	37	MIL	Luc Mbah a Moute
2008	2	38	CHA	Kyle Weaver
2008	2	39	CHI	Sonny Weems
2008	2	40	NJN	Chris Douglas-Roberts
2008	2	41	IND	Nathan Jawai
2008	2	42	SAC	Sean Singletary
2008	2	43	SAC	Patrick Ewing
2008	2	44	UTA	Ante Tomic
2008	2	45	SAS	Goran Dragic
2008	2	46	SEA	Trent Plaisted
2008	2	47	WAS	Bill Walker
2008	2	48	PHO	Malik Hairston
2008	2	49	GSW	Richard Hendrix
2008	2	50	SEA	DeVon Hardin
2009	1	1	LAC	Blake Griffin
2009	1	2	MEM	Hasheem Thabeet
2009	1	3	OKC	James Harden
2009	1	4	SAC	Tyreke Evans
2009	1	5	MIN	Ricky Rubio
2009	1	6	MIN	Jonny Flynn
2009	1	7	GSW	Stephen Curry
2009	1	8	NYK	Jordan Hill
2009	1	9	TOR	DeMar DeRozan
2009	1	10	MIL	Brandon Jennings
2009	1	11	NJN	Terrence Williams
2009	1	12	CHA	Gerald Henderson
2009	1	13	IND	Tyler Hansbrough
2009	1	14	PHO	Earl Clark
2009	1	15	DET	Austin Daye
2009	1	16	CHI	James Johnson
2009	1	17	PHI	Jrue Holiday
2009	1	18	MIN	Ty Lawson
2009	1	19	ATL	Jeff Teague
2009	1	20	UTA	Eric Maynor
2009	1	21	NOH	Darren Collison
2009	1	22	POR	Victor Claver
2009	1	23	SAC	Omri Casspi
2009	1	24	DAL	Byron Mullens
2009	1	25	OKC	Rodrigue Beaubois
2009	1	26	CHI	Taj Gibson
2009	1	27	MEM	DeMarre Carroll
2009	1	28	MIN	Wayne Ellington
2009	1	29	LAL	Toney Douglas
2009	1	30	CLE	Christian Eyenga
2009	2	31	SAC	Jeff Pendergraph
2009	2	32	WAS	Jermaine Taylor
2009	2	33	POR	Dante Cunningham
2009	2	34	DEN	Sergio Llull
2009	2	35	DET	DaJuan Summers
2009	2	36	MEM	Sam Young
2009	2	37	SAS	DeJuan Blair
2009	2	38	POR	Jon Brockman
2009	2	39	DET	Jonas Jerebko
2009	2	40	CHA	Derrick Brown
2009	2	41	MIL	Jodie Meeks
2009	2	42	LAL	Patrick Beverley
2009	2	43	MIA	Marcus Thornton
2009	2	44	DET	Chase Budinger
2009	2	45	MIN	Nick Calathes
2009	2	46	CLE	Danny Green
2009	2	47	MIN	Henk Norel
2009	2	48	PHO	Taylor Griffin
2009	2	49	ATL	Sergiy Gladyr
2009	2	50	UTA	Goran Suton
2010	1	1	WAS	John Wall
2010	1	2	PHI	Evan Turner
2010	1	3	NJN	Derrick Favors
2010	1	4	MIN	Wesley Johnson
2010	1	5	SAC	DeMarcus Cousins
2010	1	6	GSW	Ekpe Udoh
2010	1	7	DET	Greg Monroe
2010	1	8	LAC	Al-Farouq Aminu
2010	1	9	UTA	Gordon Hayward
2010	1	10	IND	Paul George
2010	1	11	NOH	Cole Aldrich
2010	1	12	MEM	Xavier Henry
2010	1	13	TOR	Ed Davis
2010	1	14	HOU	Patrick Patterson
2010	1	15	MIL	Larry Sanders
2010	1	16	MIN	Luke Babbitt
2010	1	17	CHI	Kevin Seraphin
2010	1	18	OKC	Eric Bledsoe
2010	1	19	BOS	Avery Bradley
2010	1	20	SAS	James Anderson
2010	1	21	OKC	Craig Brackins
2010	1	22	POR	Elliot Williams
2010	1	23	MIN	Trevor Booker
2010	1	24	ATL	Damion James
2010	1	25	MEM	Dominique Jones
2010	1	26	OKC	Quincy Pondexter
2010	1	27	NJN	Jordan Crawford
2010	1	28	MEM	Greivis Vasquez
2010	1	29	ORL	Daniel Orton
2010	1	30	WAS	Lazar Hayward
2010	2	31	NJN	Tibor Pleiss
2010	2	32	MIA	Dexter Pittman
2010	2	33	SAC	Hassan Whiteside
2010	2	34	POR	Armon Johnson
2010	2	35	WAS	Nemanja Bjelica
2010	2	36	DET	Terrico White
2010	2	37	MIL	Darington Hobson
2010	2	38	NYK	Andy Rautins
2010	2	39	NYK	Landry Fields
2010	2	40	IND	Lance Stephenson
2010	2	41	MIA	Jarvis Varnado
2010	2	42	MIA	DaSean Butler
2010	2	43	LAL	Devin Ebanks
2010	2	44	MIL	Jerome Jordan
2010	2	45	MIN	Paulao Prestes
2010	2	46	PHO	Gani Lawal
2010	2	47	MIL	Tiny Gallon
2010	2	48	MIA	Latavious Williams
2010	2	49	SAS	Ryan Richards
2010	2	50	DAL	Solomon Alabi
2011	1	1	CLE	Kyrie Irving
2011	1	2	MIN	Derrick Williams
2011	1	3	UTA	Enes Kanter
2011	1	4	CLE	Tristan Thompson
2011	1	5	TOR	Jonas Valanciunas
2011	1	6	WAS	Jan Vesely
2011	1	7	SAC	Bismack Biyombo
2011	1	8	DET	Brandon Knight
2011	1	9	CHA	Kemba Walker
2011	1	10	MIL	Jimmer Fredette
2011	1	11	GSW	Klay Thompson
2011	1	12	UTA	Alec Burks
2011	1	13	PHO	Markieff Morris
2011	1	14	HOU	Marcus Morris
2011	1	15	IND	Kawhi Leonard
2011	1	16	PHI	Nikola Vucevic
2011	1	17	NYK	Iman Shumpert
2011	1	18	WAS	Chris Singleton
2011	1	19	CHA	Tobias Harris
2011	1	20	MIN	Donatas Motiejunas
2011	1	21	POR	Nolan Smith
2011	1	22	DEN	Kenneth Faried
2011	1	23	HOU	Nikola Mirotic
2011	1	24	OKC	Reggie Jackson
2011	1	25	BOS	MarShon Brooks
2011	1	26	DAL	Jordan Hamilton
2011	1	27	NJN	JaJuan Johnson
2011	1	28	CHI	Norris Cole
2011	1	29	SAS	Cory Joseph
2011	1	30	CHI	Jimmy Butler
2011	2	31	MIA	Bojan Bogdanovic
2011	2	32	CLE	Justin Harper
2011	2	33	DET	Kyle Singler
2011	2	34	WAS	Shelvin Mack
2011	2	35	SAC	Tyler Honeycutt
2011	2	36	NJN	Jordan Williams
2011	2	37	LAC	Trey Thompkins
2011	2	38	HOU	Chandler Parsons
2011	2	39	CHA	Jeremy Tyler
2011	2	40	MIL	Jon Leuer
2011	2	41	LAL	Darius Morris
2011	2	42	IND	Davis Bertans
2011	2	43	CHI	Malcolm Lee
2011	2	44	GSW	Charles Jenkins
2011	2	45	NOH	Josh Harrellson
2011	2	46	LAL	Andrew Goudelock
2011	2	47	LAC	Travis Leslie
2011	2	48	ATL	Keith Benson
2011	2	49	MEM	Josh Selby
2011	2	50	PHI	Lavoy Allen
2012	1	1	NOH	Anthony Davis
2012	1	2	CHA	Michael Kidd-Gilchrist
2012	1	3	WAS	Bradley Beal
2012	1	4	CLE	Dion Waiters
2012	1	5	SAC	Thomas Robinson
2012	1	6	POR	Damian Lillard
2012	1	7	GSW	Harrison Barnes
2012	1	8	TOR	Terrence Ross
2012	1	9	DET	Andre Drummond
2012	1	10	NOH	Austin Rivers
2012	1	11	POR	Meyers Leonard
2012	1	12	HOU	Jeremy Lamb
2012	1	13	PHO	Kendall Marshall
2012	1	14	MIL	John Henson
2012	1	15	PHI	Maurice Harkless
2012	1	16	HOU	Royce White
2012	1	17	DAL	Tyler Zeller
2012	1	18	HOU	Terrence Jones
2012	1	19	ORL	Andrew Nicholson
2012	1	20	DEN	Evan Fournier
2012	1	21	BOS	Jared Sullinger
2012	1	22	BOS	Fab Melo
2012	1	23	ATL	John Jenkins
2012	1	24	CLE	Jared Cunningham
2012	1	25	MEM	Tony Wroten
2012	1	26	IND	Miles Plumlee
2012	1	27	MIA	Arnett Moultrie
2012	1	28	OKC	Perry Jones
2012	1	29	CHI	Marquis Teague
2012	1	30	GSW	Festus Ezeli
2012	2	31	CHA	Jeff Taylor
2012	2	32	WAS	Tomas Satoransky
2012	2	33	CLE	Bernard James
2012	2	34	CLE	Jae Crowder
2012	2	35	GSW	Draymond Green
2012	2	36	SAC	Orlando Johnson
2012	2	37	TOR	Quincy Acy
2012	2	38	DEN	Quincy Miller
2012	2	39	DET	Khris Middleton
2012	2	40	POR	Will Barton
2012	2	41	POR	Tyshawn Taylor
2012	2	42	MIL	Doron Lamb
2012	2	43	ATL	Mike Scott
2012	2	44	DET	Kim English
2012	2	45	PHI	Justin Hamilton
2012	2	46	NOH	Darius Miller
2012	2	47	UTA	Kevin Murphy
2012	2	48	NYK	Kostas Papanikolaou
2012	2	49	ORL	Kyle OQuinn
2012	2	50	DEN	Izzet Turkyilmaz
2013	1	1	CLE	Anthony Bennett
2013	1	2	ORL	Victor Oladipo
2013	1	3	WAS	Otto Porter
2013	1	4	CHA	Cody Zeller
2013	1	5	PHO	Alex Len
2013	1	6	NOH	Nerlens Noel
2013	1	7	SAC	Ben McLemore
2013	1	8	DET	Kentavious Caldwell-Pope
2013	1	9	MIN	Trey Burke
2013	1	10	POR	CJ McCollum
2013	1	11	PHI	Michael Carter-Williams
2013	1	12	OKC	Steven Adams
2013	1	13	DAL	Kelly Olynyk
2013	1	14	UTA	Shabazz Muhammad
2013	1	15	MIL	Giannis Antetokounmpo
2013	1	16	BOS	Lucas Nogueira
2013	1	17	ATL	Dennis Schroder
2013	1	18	ATL	Shane Larkin
2013	1	19	CLE	Sergey Karasev
2013	1	20	CHI	Tony Snell
2013	1	21	UTA	Gorgui Dieng
2013	1	22	BRK	Mason Plumlee
2013	1	23	IND	Solomon Hill
2013	1	24	NYK	Tim Hardaway
2013	1	25	LAC	Reggie Bullock
2013	1	26	MIN	Andre Roberson
2013	1	27	DEN	Rudy Gobert
2013	1	28	SAS	Livio Jean-Charles
2013	1	29	OKC	Archie Goodwin
2013	1	30	PHO	Nemanja Nedovic
2013	2	31	CLE	Allen Crabbe
2013	2	32	OKC	Alex Abrines
2013	2	33	CLE	Carrick Felix
2013	2	34	HOU	Isaiah Canaan
2013	2	35	PHI	Glen Rice
2013	2	36	SAC	Ray McCallum
2013	2	37	DET	Tony Mitchell1
2013	2	38	WAS	Nate Wolters
2013	2	39	POR	Jeff Withey
2013	2	40	POR	Grant Jerrett
2013	2	41	MEM	Jamaal Franklin
2013	2	42	PHI	Pierre Jackson
2013	2	43	MIL	Ricky Ledo
2013	2	44	DAL	Mike Muscala
2013	2	45	POR	Marko Todorovic
2013	2	46	UTA	Erick Green
2013	2	47	ATL	Raul Neto
2013	2	48	LAL	Ryan Kelly
2013	2	49	CHI	Erik Murphy
2013	2	50	ATL	James Ennis
2014	1	1	CLE	Andrew Wiggins
2014	1	2	MIL	Jabari Parker
2014	1	3	PHI	Joel Embiid
2014	1	4	ORL	Aaron Gordon
2014	1	5	UTA	Dante Exum
2014	1	6	BOS	Marcus Smart
2014	1	7	LAL	Julius Randle
2014	1	8	SAC	Nik Stauskas
2014	1	9	CHH	Noah Vonleh
2014	1	10	PHI	Elfrid Payton
2014	1	11	DEN	Doug McDermott
2014	1	12	ORL	Dario Saric
2014	1	13	MIN	Zach LaVine
2014	1	14	PHO	T.J. Warren
2014	1	15	ATL	Adreian Payne
2014	1	16	CHI	Jusuf Nurkic
2014	1	17	BOS	James Young
2014	1	18	PHO	Tyler Ennis
2014	1	19	CHI	Gary Harris
2014	1	20	TOR	Bruno Caboclo
2014	1	21	OKC	Mitch McGary
2014	1	22	MEM	Jordan Adams
2014	1	23	UTA	Rodney Hood
2014	1	24	CHH	Shabazz Napier
2014	1	25	HOU	Clint Capela
2014	1	26	MIA	P.J. Hairston
2014	1	27	PHO	Bogdan Bogdanovic
2014	1	28	LAC	C.J. Wilcox
2014	1	29	OKC	Josh Huestis
2014	1	30	SAS	Kyle Anderson
2014	2	31	MIL	Damien Inglis
2014	2	32	PHI	K.J. McDaniels
2014	2	33	CLE	Joe Harris
2014	2	34	NYK	Cleanthony Early
2014	2	35	UTA	Jarnell Stokes
2014	2	36	MIL	Johnny OBryant III
2014	2	37	TOR	DeAndre Daniels
2014	2	38	DET	Spencer Dinwiddie
2014	2	39	PHI	Jerami Grant
2014	2	40	MIN	Glenn Robinson III
2014	2	41	DEN	Nikola Jokic
2014	2	42	HOU	Nick Johnson
2014	2	43	ATL	Walter Tavares
2014	2	44	MIN	Markel Brown
2014	2	45	CHH	Dwight Powell
2014	2	46	WAS	Jordan Clarkson
2014	2	47	PHI	Russ Smith
2014	2	48	MIL	Lamar Patterson
2014	2	49	CHI	Cameron Bairstow
2014	2	50	PHO	Alec Brown
2015	1	1	MIN	Karl-Anthony Towns
2015	1	2	LAL	DAngelo Russell
2015	1	3	PHI	Jahlil Okafor
2015	1	4	NYK	Kristaps Porzingis
2015	1	5	ORL	Mario Hezonja
2015	1	6	SAC	Willie Cauley-Stein
2015	1	7	DEN	Emmanuel Mudiay
2015	1	8	DET	Stanley Johnson
2015	1	9	CHO	Frank Kaminsky
2015	1	10	MIA	Justise Winslow
2015	1	11	IND	Myles Turner
2015	1	12	UTA	Trey Lyles
2015	1	13	PHO	Devin Booker
2015	1	14	OKC	Cameron Payne
2015	1	15	ATL	Kelly Oubre
2015	1	16	BOS	Terry Rozier
2015	1	17	MIL	Rashad Vaughn
2015	1	18	HOU	Sam Dekker
2015	1	19	WAS	Jerian Grant
2015	1	20	TOR	Delon Wright
2015	1	21	DAL	Justin Anderson
2015	1	22	CHI	Bobby Portis
2015	1	23	POR	Rondae Hollis-Jefferson
2015	1	24	CLE	Tyus Jones
2015	1	25	MEM	Jarell Martin
2015	1	26	SAS	Nikola Milutinov
2015	1	27	LAL	Larry Nance Jr.
2015	1	28	BOS	R.J. Hunter
2015	1	29	BRK	Chris McCullough
2015	1	30	GSW	Kevon Looney
2015	2	31	MIN	Cedi Osman
2015	2	32	HOU	Montrezl Harrell
2015	2	33	BOS	Jordan Mickey
2015	2	34	LAL	Anthony Brown
2015	2	35	PHI	Willy Hernangomez
2015	2	36	MIN	Rakeem Christmas
2015	2	37	PHI	Richaun Holmes
2015	2	38	DET	Darrun Hilliard
2015	2	39	CHO	Juan Pablo Vaulet
2015	2	40	MIA	Josh Richardson
2015	2	41	BRK	Pat Connaughton
2015	2	42	UTA	Olivier Hanlan
2015	2	43	IND	Joseph Young
2015	2	44	PHO	Andrew Harrison
2015	2	45	BOS	Marcus Thornton
2015	2	46	MIL	Norman Powell
2015	2	47	PHI	Arturas Gudaitis
2015	2	48	OKC	Dakari Johnson
2015	2	49	WAS	Aaron White
2015	2	50	ATL	Marcus Eriksson
