Year	Tm	Player
1976	HOU	John Lucas
1976	CHI	Scott May
1976	KCK	Richard Washington
1976	DET	Leon Douglas
1976	POR	Wally Walker
1976	BUF	Adrian Dantley
1976	MIL	Quinn Buckner
1976	GSW	Robert Parish
1976	ATL	Armond Hill
1976	PHO	Ron Lee
1976	SEA	Bob Wilkerson
1976	PHI	Terry Furlow
1976	WSB	Mitch Kupchak
1976	WSB	Larry Wright
1976	CLE	Chuckie Williams
1976	BOS	Norm Cook
1976	GSW	Sonny Parker
1976	CHI	Willie Smith
1976	SEA	Bayard Forrest
1976	POR	Major Jones
1976	LAL	Earl Tatum
1976	POR	Johnny Davis
1976	MIL	Alex English
1976	MIL	Scott Lloyd
1976	NYK	Lonnie Shelton
1976	NOJ	Jacky Dorsey
1976	HOU	Phil Hicks
1976	ATL	Bob Carrington
1976	SEA	Dennis Johnson
1976	PHO	Al Fleming
1976	WSB	Joe Pace
1976	CLE	Mo Howard
1976	PHO	Butch Feher
1976	GSW	Marshall Rogers
1976	CHI	Lars Hansen
1976	DET	Phil Sellers
1976	MIL	Lloyd Walton
1976	LAL	Tom Abernethy
1976	PHO	Ira Terrell
1976	CHI	Keith Starr
1976	ATL	Tom Barker
1976	LAL	Wayman Britt
1976	ATL	Ron Davis
1976	NOJ	Paul Griffin
1976	CLE	Edmund Lawrence
1976	KCK	Andre McCarter
1976	PHI	Mike Dunleavy
1976	BOS	Art Collins
1976	NOJ	Andy Walker
1976	PHI	Phil Walker
1976	BOS	Ralph Drollinger
1976	SEA	Norton Barnhill
1977	MIL	Kent Benson
1977	KCK	Otis Birdsong
1977	MIL	Marques Johnson
1977	WSB	Greg Ballard
1977	PHO	Walter Davis
1977	LAL	Kenny Carr
1977	NJN	Bernard King
1977	SEA	Jack Sikma
1977	DEN	Tom LaGarde
1977	NYK	Ray Williams
1977	MIL	Ernie Grunfeld
1977	BOS	Cedric Maxwell
1977	CHI	Tate Armstrong
1977	ATL	Tree Rollins
1977	LAL	Brad Davis
1977	GSW	Rickey Green
1977	WSB	Bo Ellis
1977	GSW	Wesley Cox
1977	POR	Rich Laurel
1977	PHI	Glenn Mosley
1977	DEN	Anthony Roberts
1977	LAL	Norm Nixon
1977	CHI	Mike Glenn
1977	BUF	Larry Johnson
1977	PHI	Wilson Washington
1977	NYK	Glen Gondrezick
1977	POR	Kim Anderson
1977	IND	Alonzo Bradley
1977	CHI	Steve Sheppard
1977	KCK	Eddie Owens
1977	NYK	Toby Knight
1977	CLE	Eddie Jordan
1977	HOU	Larry Moffett
1977	CHI	Mark Landsberger
1977	DET	Ben Poquette
1977	SAS	Jeff Wilkins
1977	WSB	Phil Walker
1977	HOU	Robert Reid
1977	POR	T.R. Dunn
1977	PHI	Bob Elliott
1977	NOJ	Essie Hollis
1977	LAL	James Edwards
1977	ATL	Sam Smith
1977	ATL	Eddie Johnson1
1977	SEA	Joe Hassett
1977	KCK	John Kuester
1977	GSW	Marlon Redmond
1977	HOU	Phil Bond
1977	DEN	Robert Smith
1977	PHO	Mike Bratz
1977	MIL	Lewis Brown
1977	PHO	Greg Griffin
1977	NOJ	Dennis Boyd
1977	NYK	Steve Hayes
1977	LAL	Tony Robertson
1977	SAS	Scott Sims
1977	GSW	Ray Epps
1977	NJN	Mark Crow
1977	PHO	Billy McKinney
1977	IND	Tom Scheffler
1977	PHO	Alvin Scott
1977	LAL	Lars Hansen
1977	NJN	Ralph Drollinger
1977	GSW	Ricky Marsh
1977	PHI	John Olive
1978	POR	Mychal Thompson
1978	KCK	Phil Ford
1978	IND	Rick Robey
1978	NYK	Micheal Ray Richardson
1978	GSW	Purvis Short
1978	BOS	Larry Bird
1978	POR	Ron Brewer
1978	BOS	Freeman Williams
1978	CHI	Reggie Theus
1978	ATL	Butch Lee
1978	NOJ	James Hardy
1978	MIL	George Johnson2
1978	NJN	Winford Boynes
1978	WSB	Roger Phegley
1978	CLE	Mike Mitchell
1978	ATL	Jack Givens
1978	WSB	Dave Corzine
1978	PHO	Marty Byrnes
1978	SAS	Frankie Sanders
1978	DEN	Mike Evans
1978	GSW	Raymond Townsend
1978	DET	Terry Tyler
1978	POR	Keith Herron
1978	ATL	Rick Wilson
1978	LAL	Ron Carter
1978	IND	Wayne Radford
1978	DET	John Long
1978	BOS	Jeff Judkins
1978	NYK	John Rudd
1978	CLE	Harry Davis
1978	NYK	Greg Bunch
1978	NOJ	Tommie Green
1978	PHI	Maurice Cheeks
1978	GSW	Wayne Cooper
1978	SDC	Jerome Whitehead
1978	PHI	Glenn Hagan
1978	POR	Clemon Johnson
1978	DEN	Hollis Copeland
1978	HOU	Billy Ray Bates
1978	KCK	Jeff Cook
1978	NYK	Marc Iavaroni
1978	MIL	Pat Cummings
1978	LAL	Michael Cooper
1978	NJN	Dave Batton
1978	PHO	Joel Kramer
1978	SAS	Gerald Henderson
1978	HOU	Jackie Robinson
1978	MIL	Otis Howard
1978	WSB	Lawrence Boston
1978	NJN	Walter Jordan
1978	PHO	Bob Miller
1978	PHI	Brett Vroman
1978	NOJ	Duck Williams
1978	GSW	Bubba Wilson
1978	LAL	Carlos Terry
1978	SEA	Ralph Drollinger
1978	PHO	Andre Wakefield
1978	POR	Clay Johnson
1978	NOJ	John Douglas
1978	SDC	Stan Pietkiewicz
1978	MIL	Kim Anderson
1978	PHO	Steve Malovic
1978	DET	Earl Evans
1978	NOJ	Carl Kilpatrick
1978	CHI	Chubby Cox
1978	NOJ	Rickey Williams
1979	LAL	Magic Johnson
1979	CHI	Dave Greenwood
1979	NYK	Bill Cartwright
1979	DET	Greg Kelser
1979	MIL	Sidney Moncrief
1979	SEA	James Bailey
1979	SEA	Vinnie Johnson
1979	NJN	Calvin Natt
1979	NYK	Larry Demic
1979	DET	Roy Hamilton
1979	NJN	Cliff Robinson
1979	POR	Jim Paxson
1979	IND	Dudley Bradley
1979	LAL	Brad Holland
1979	DET	Phil Hubbard
1979	PHI	Jim Spanarkel
1979	HOU	Lee Johnson
1979	KCK	Reggie King
1979	SAS	Wiley Peck
1979	NYK	Sly Williams
1979	PHO	Kyle Macy
1979	PHO	Johnny High
1979	LAL	Ollie Mack
1979	CLE	Bruce Flowers
1979	NYK	Reggie Carter
1979	DET	Tony Price
1979	DEN	Gary Garland
1979	MIL	Edgar Jones
1979	IND	Tony Zeno
1979	PHI	Clint Richardson
1979	PHI	Bernard Toone
1979	HOU	Paul Mokeski
1979	SEA	Johnny Moore
1979	UTA	Arvid Kramer
1979	CHI	Calvin Garrett
1979	DET	Terry Duerod
1979	CHI	Cedrick Hordges
1979	NYK	Geoff Huston
1979	BOS	Wayne Kreklow
1979	GSW	Cheese Johnson
1979	PHI	Earl Cureton
1979	KCK	Terry Crosby
1979	SAS	Sylvester Norris
1979	CLE	Bill Laimbeer
1979	UTA	Greg Deane
1979	SEA	James Donaldson
1979	GSW	Jerry Sichting
1979	PHI	Mike Niles
1979	KCK	John McCullough
1979	IND	Billy Reid
1979	HOU	Allen Leavell
1979	PHO	Mark Eaton
1979	PHO	Charles Jones1
1979	UTA	Paul Dawkins
1979	PHI	Keith McCord
1980	GSW	Joe Barry Carroll
1980	UTA	Darrell Griffith
1980	BOS	Kevin McHale
1980	CHI	Kelvin Ransey
1980	DEN	James Ray
1980	NJN	Mike O'Koren
1980	NJN	Mike Gminski
1980	PHI	Andrew Toney
1980	SDC	Michael Brooks
1980	POR	Ronnie Lester
1980	DAL	Kiki Vandeweghe
1980	NYK	Mike Woodson
1980	GSW	Rickey Brown
1980	WSB	Wes Matthews
1980	SAS	Reggie Johnson
1980	KCK	Hawkeye Whitney
1980	DET	Larry Drew
1980	ATL	Don Collins
1980	UTA	John Duren
1980	SEA	Bill Hanzlik
1980	PHI	Monti Davis
1980	CLE	Chad Kinch
1980	DEN	Carl Nicks
1980	GSW	Larry Smith
1980	GSW	Jeff Ruland
1980	CHI	Sam Worthen
1980	HOU	John Stroud
1980	ATL	Craig Shelton
1980	IND	Louis Orr
1980	IND	Kenny Natt
1980	LAL	Wayne Robinson
1980	WSB	Rick Mahorn
1980	NYK	DeWayne Scales
1980	LAL	Butch Carter
1980	SAS	Michael Wiley
1980	IND	Dick Miller
1980	DEN	Jawann Oldham
1980	DET	Brad Branson
1980	DEN	Kurt Nimphius
1980	CHI	James Wilkes
1980	DEN	Ronnie Valentine
1980	NJN	Lowes Moore
1980	POR	Mike Harper
1980	DAL	Dave Britton
1980	NYK	Kurt Rambis
1980	SAS	Rich Yonakor
1980	SEA	Carl Bailey
1980	DET	Darwin Cook
1980	NJN	Rory Sparrow
1980	LAL	Tony Jackson
1980	DET	Tony Fuller
1980	SDC	Wally Rank
1980	DAL	Darrell Allums
1980	GSW	Lorenzo Romar
1980	POR	John Stroeder
1980	DAL	Clarence Kea
1980	GSW	Billy Reid
1981	DAL	Mark Aguirre
1981	DET	Isiah Thomas
1981	NJN	Buck Williams
1981	ATL	Al Wood
1981	SEA	Danny Vranes
1981	CHI	Orlando Woolridge
1981	KCK	Steve Johnson
1981	SDC	Tom Chambers
1981	DAL	Rolando Blackman
1981	NJN	Albert King
1981	WSB	Frank Johnson
1981	DET	Kelly Tripucka
1981	UTA	Danny Schayes
1981	IND	Herb Williams
1981	POR	Jeff Lamp
1981	POR	Darnell Valentine
1981	KCK	Kevin Loder
1981	NJN	Ray Tolbert
1981	LAL	Mike McGee
1981	PHO	Larry Nance
1981	MIL	Alton Lister
1981	PHI	Franklin Edwards
1981	BOS	Charles Bradley
1981	DAL	Jay Vincent
1981	BOS	Tracy Jackson
1981	UTA	Howard Wood
1981	SAS	Gene Banks
1981	KCK	Eddie Johnson2
1981	SAS	Ed Rains
1981	BOS	Danny Ainge
1981	GSW	Sam Williams
1981	DEN	Ken Green
1981	WSB	Charles Davis
1981	IND	Ray Blume
1981	WSB	Claude Gregory
1981	DAL	Elston Turner
1981	WSB	Steve Lingenfelter
1981	NJN	David Burns
1981	ATL	Rudy Macklin
1981	SEA	Mark Radford
1981	SDC	Jim Smith
1981	CLE	Mickey Dillard
1981	NYK	Frank Brickowski
1981	POR	Petur Gudmundsson
1981	PHO	Craig Dykema
1981	GSW	Lewis Lloyd
1981	KCK	Kenny Dennard
1981	HOU	Larry Spriggs
1981	POR	Pete Verhoeven
1981	NYK	Alex Bradley
1981	LAL	Kevin McKenna
1981	NJN	Joe Cooper
1981	GSW	Hank McDowell
1981	WSB	Garry Witts
1981	CHI	Roger Burkman
1981	KCK	Clinton Wheeler
1981	UTA	Bobby Cattage
1981	DEN	Derrick Rowland
1982	LAL	James Worthy
1982	SDC	Terry Cummings
1982	UTA	Dominique Wilkins
1982	DAL	Bill Garnett
1982	KCK	LaSalle Thompson
1982	NYK	Trent Tucker
1982	CHI	Quintin Dailey
1982	IND	Clark Kellogg
1982	DET	Cliff Levingston
1982	ATL	Keith Edmonson
1982	POR	Fat Lever
1982	CLE	John Bagley
1982	NJN	Sleepy Floyd
1982	GSW	Lester Conner
1982	PHO	David Thirdkill
1982	HOU	Terry Teagle
1982	KCK	Brook Steppe
1982	DET	Ricky Pierce
1982	DEN	Rob Williams
1982	MIL	Paul Pressey
1982	NJN	Eddie Phillips
1982	PHI	Mark McNamara
1982	BOS	Darren Tillis
1982	SAS	Oliver Robinson
1982	WSB	Bryan Warrick
1982	MIL	Fred Roberts
1982	CLE	Dave Magley
1982	NYK	Scott Hastings
1982	CHI	Wallace Bryant
1982	CHI	Rod Higgins
1982	SDC	Richard Anderson
1982	POR	Linton Townes
1982	NYK	Vince Taylor
1982	GSW	Derek Smith
1982	PHI	J.J. Anderson
1982	POR	Audie Norris
1982	GSW	Wayne Sappleton
1982	IND	Guy Morgan
1982	WSB	Dwight Anderson
1982	HOU	Jeff Taylor
1982	IND	Jose Slaughter
1982	WSB	Mike Gibson
1982	PHI	Russ Schoene
1982	CLE	Michael Wilson
1982	SDC	Craig Hodges
1982	DAL	Corny Thompson
1982	KCK	Jim Johnstone
1982	UTA	Jerry Eaves
1982	ATL	Joe Kopicki
1982	GSW	Chris Engler
1982	PHO	Charles Pittman
1982	HOU	Chuck Nevitt
1982	SEA	John Greig
1982	BOS	Perry Moss
1982	UTA	Mark Eaton
1982	KCK	Mike Sanders
1982	CHI	Chuck Aleksinas
1982	DET	Walker Russell
1982	NJN	Tony Brown
1982	PHO	Rory White
1982	BOS	John Schweitz
1982	SDC	Eddie Hughes
1982	KCK	Ed Nealy
1982	PHO	Dale Wilkinson
1983	HOU	Ralph Sampson
1983	IND	Steve Stipanovich
1983	HOU	Rodney McCray
1983	SDC	Byron Scott
1983	CHI	Sidney Green
1983	GSW	Russell Cross
1983	UTA	Thurl Bailey
1983	DET	Antoine Carr
1983	DAL	Dale Ellis
1983	WSB	Jeff Malone
1983	DAL	Derek Harper
1983	NYK	Darrell Walker
1983	KCK	Ennis Whatley
1983	POR	Clyde Drexler
1983	DEN	Howard Carter
1983	SEA	Jon Sundvold
1983	PHI	Leo Rautins
1983	MIL	Randy Breuer
1983	SAS	John Paxson
1983	CLE	Roy Hinson
1983	BOS	Greg Kite
1983	WSB	Randy Wittman
1983	IND	Mitchell Wiggins
1983	CLE	Stewart Granger
1983	CHI	Sidney Lowe
1983	IND	Leroy Combs
1983	CLE	John Garris
1983	PHO	Rod Foster
1983	CHI	Larry Micheaux
1983	DAL	Mark West
1983	ATL	Doc Rivers
1983	DAL	Dirk Minniefield
1983	WSB	Guy Williams
1983	SAS	Darrell Lockhart
1983	SEA	Scooter McCray
1983	KCK	Chris McNealy
1983	POR	Granville Waiters
1983	IND	Jim Thomas
1983	GSW	Pace Mannion
1983	SAS	Kevin Williams
1983	HOU	Craig Ehlo
1983	CLE	Paul Thompson
1983	GSW	Mike Holton
1983	UTA	Bob Hansen
1983	WSB	Darren Daye
1983	ATL	John Pinone
1983	NJN	Bruce Kuczenski
1983	POR	Tom Piotrowski
1983	CHI	Ron Crevier
1983	GSW	Peter Thibeaux
1983	NYK	Mark Jones
1983	SAS	Brant Weidner
1983	BOS	Carlos Clark
1983	SDC	Manute Bol
1983	DET	Ken Austin
1983	DAL	Jim Lampley
1983	PHI	Sedale Threatt
1983	KCK	Dane Suttle
1984	HOU	Hakeem Olajuwon
1984	POR	Sam Bowie
1984	CHI	Michael Jordan
1984	DAL	Sam Perkins
1984	PHI	Charles Barkley
1984	WSB	Melvin Turpin
1984	SAS	Alvin Robertson
1984	LAC	Lancaster Gordon
1984	KCK	Otis Thorpe
1984	PHI	Leon Wood
1984	ATL	Kevin Willis
1984	CLE	Tim McCormick
1984	PHO	Jay Humphries
1984	LAC	Michael Cage
1984	DAL	Terence Stansbury
1984	UTA	John Stockton
1984	NJN	Jeff Turner
1984	IND	Vern Fleming
1984	POR	Bernard Thompson
1984	DET	Tony Campbell
1984	MIL	Kenny Fields
1984	PHI	Tom Sewell
1984	LAL	Earl Jones
1984	BOS	Michael Young
1984	IND	Devin Durrant
1984	CLE	Ron Anderson
1984	SEA	Cory Blackwell
1984	IND	Stuart Gray
1984	GSW	Steve Burtt
1984	GSW	Jay Murphy
1984	POR	Steve Colter
1984	GSW	Othell Wilson
1984	PHO	Charles Jones2
1984	CHI	Ben Coleman
1984	DAL	Charlie Sitton
1984	SEA	Danny Young
1984	DAL	Tom Sluby
1984	DEN	Willie White
1984	GSW	Gary Plummer
1984	POR	Jerome Kersey
1984	CLE	Ben McDonald
1984	HOU	Jim Petersen
1984	SAS	Joe Binion
1984	DAL	Jeff Cross
1984	UTA	David Pope
1984	PHI	Butch Graves
1984	BOS	Rick Carlisle
1984	IND	Ralph Jackson
1984	WSB	Jim Grandholm
1984	KCK	Carl Henry
1984	UTA	Jim Rowinski
1984	NYK	Bob Thornton
1984	SAS	Ozell Jones
1984	MIL	McKinley Singleton
1984	NYK	Eddie Lee Wilkins
1984	IND	Kenton Edelin
1984	NYK	Ken Bannister
1984	IND	Brian Martin
1985	NYK	Patrick Ewing
1985	IND	Wayman Tisdale
1985	LAC	Benoit Benjamin
1985	SEA	Xavier McDaniel
1985	ATL	Jon Koncak
1985	SAC	Joe Kleine
1985	GSW	Chris Mullin
1985	DAL	Detlef Schrempf
1985	CLE	Charles Oakley
1985	PHO	Ed Pinckney
1985	CHI	Keith Lee
1985	WSB	Kenny Green
1985	UTA	Karl Malone
1985	SAS	Alfredrick Hughes
1985	DEN	Blair Rasmussen
1985	DAL	Bill Wennington
1985	DAL	Uwe Blab
1985	DET	Joe Dumars
1985	HOU	Steve Harris
1985	BOS	Sam Vincent
1985	PHI	Terry Catledge
1985	MIL	Jerry Reynolds
1985	LAL	A.C. Green
1985	POR	Terry Porter
1985	POR	Mike Smrek
1985	IND	Bill Martin
1985	IND	Dwayne McClain
1985	CHI	Ken Johnson
1985	SAS	Mike Brittain
1985	WSB	Manute Bol
1985	PHO	Nick Vanos
1985	PHI	Greg Stokes
1985	SAS	Tyrone Corbin
1985	NJN	Yvon Joseph
1985	UTA	Carey Scurry
1985	NJN	Fernando Martin
1985	DAL	Mark Acres
1985	ATL	Lorenzo Charles
1985	DEN	Barry Stevens
1985	PHI	Voise Winters
1985	CLE	Hot Rod Williams
1985	CHI	Adrian Branch
1985	NYK	Gerald Wilkins
1985	GSW	Brad Wright
1985	HOU	Sam Mitchell
1985	ATL	Sedric Toney
1985	POR	Perry Young
1985	DAL	Harold Keeling
1985	SAC	Michael Adams
1985	CHI	Mike Brown
1985	NYK	Fred Cofield
1985	SEA	Alex Stivrins
1985	ATL	Arvydas Sabonis
1985	CLE	Mark Davis
1985	SAS	Scott Roth
1985	UTA	Delaney Rudd
1985	ATL	John Battle
1985	DET	Spud Webb
1985	DEN	Pete Williams
1985	PHI	Derrick Gervin
1985	MIL	Cozell McQueen
1985	LAL	Dexter Shouse
1985	BOS	Ralph Lewis
1985	SEA	Michael Phelps
1985	PHO	Georgi Glouchkov
1985	MIL	Mario Elie
1986	CLE	Brad Daugherty
1986	GSW	Chris Washburn
1986	IND	Chuck Person
1986	NYK	Kenny Walker
1986	PHO	William Bedford
1986	DAL	Roy Tarpley
1986	CLE	Ron Harper
1986	CHI	Brad Sellers
1986	SAS	Johnny Dawkins
1986	DET	John Salley
1986	WSB	John Williams
1986	NJN	Pearl Washington
1986	POR	Walter Berry
1986	UTA	Dell Curry
1986	DEN	Maurice Martin
1986	SAC	Harold Pressley
1986	DEN	Mark Alarie
1986	ATL	Billy Thompson
1986	HOU	Buck Johnson
1986	WSB	Anthony Jones
1986	MIL	Scott Skiles
1986	POR	Arvydas Sabonis
1986	DAL	Mark Price
1986	IND	Greg Dreiling
1986	DET	Dennis Rodman
1986	CHI	Larry Krystkowiak
1986	CLE	Johnny Newman
1986	SEA	Nate McMillan
1986	ATL	Cedric Henderson
1986	SAS	Kevin Duckworth
1986	SAC	Johnny Rogers
1986	DAL	Milt Wagner
1986	PHO	Rafael Addison
1986	DEN	Otis Smith
1986	HOU	Dave Feitl
1986	PHI	David Wingate
1986	MIL	Keith Smith
1986	PHO	Jeff Hornacek
1986	NYK	Michael Jackson
1986	SAS	Forrest McKenzie
1986	CLE	Kevin Henderson
1986	GSW	Mike Williams
1986	CHI	Ricky Wilson
1986	SEA	Tod Murphy
1986	LAC	Dwayne Polee
1986	PHO	Kenny Gattison
1986	SAC	Bruce Douglas
1986	WSB	Dave Henderson
1986	POR	Drazen Petrovic
1986	UTA	John Shasky
1986	ATL	Dave Hoppen
1986	HOU	Anthony Bowie
1986	PHI	Ron Rowan
1986	LAL	Andre Turner
1986	ATL	Jim Les
1986	CHI	Scott Meents
1986	PHO	Grant Gondrezick
1986	DAL	Myron Jackson
1986	HOU	Conner Henry
1986	IND	Richard Rellford
1986	GSW	Clinton Smith
1986	SEA	Dominic Pressley
1986	LAC	Steffond Johnson
1986	CHI	Pete Myers
1986	SEA	Curtis Kitchen
1986	LAC	Tim Kempton
1986	DEN	Anthony Frederick
1986	ATL	Alexander Volkov
1987	SAS	David Robinson
1987	PHO	Armen Gilliam
1987	NJN	Dennis Hopson
1987	LAC	Reggie Williams
1987	SEA	Scottie Pippen
1987	SAC	Kenny Smith
1987	CLE	Kevin Johnson
1987	CHI	Olden Polynice
1987	SEA	Derrick McKey
1987	CHI	Horace Grant
1987	IND	Reggie Miller
1987	WSB	Muggsy Bogues
1987	LAC	Joe Wolf
1987	GSW	Tellis Frank
1987	UTA	Jose Ortiz
1987	PHI	Chris Welp
1987	POR	Ronnie Murphy
1987	NYK	Mark Jackson
1987	LAC	Ken Norman
1987	DAL	Jim Farmer
1987	ATL	Dallas Comegys
1987	BOS	Reggie Lewis
1987	SAS	Greg Anderson
1987	NYK	Ron Moore
1987	DAL	Steve Alford
1987	SAS	Nate Blackwell
1987	CHI	Rickie Winslow
1987	POR	Nikita Wilson
1987	DEN	Andre Moore
1987	MIL	Bob McCann
1987	CHI	Tony White
1987	IND	Brian Rowsom
1987	HOU	Doug Lee
1987	WSB	Duane Washington
1987	LAC	Norris Coleman
1987	PHI	Vincent Askew
1987	MIL	Winston Garland
1987	CLE	Kannard Johnson
1987	BOS	Brad Lohaus
1987	NJN	Jamie Waller
1987	SAS	Phil Zevenbergen
1987	CLE	Donald Royal
1987	PHO	Winston Crite
1987	GSW	Darryl Johnson
1987	POR	Kevin Gamble
1987	DET	Eric White
1987	UTA	Billy Donovan
1987	SAC	Joe Arlauckas
1987	CLE	Chris Dudley
1987	CHI	Jack Haley
1987	DET	Dave Popson
1987	DEN	Ron Grandison
1987	UTA	Bart Kofoed
1987	LAC	Martin Nessley
1987	GSW	Sarunas Marciulionis
1988	LAC	Danny Manning
1988	IND	Rik Smits
1988	PHI	Charles Smith1
1988	NJN	Chris Morris
1988	GSW	Mitch Richmond
1988	LAC	Hersey Hawkins
1988	PHO	Tim Perry
1988	CHH	Rex Chapman
1988	MIA	Rony Seikaly
1988	SAS	Willie Anderson
1988	CHI	Will Perdue
1988	WSB	Harvey Grant
1988	MIL	Jeff Grayer
1988	PHO	Dan Majerle
1988	SEA	Gary Grant
1988	HOU	Derrick Chievous
1988	UTA	Eric Leckner
1988	SAC	Ricky Berry
1988	NYK	Rod Strickland
1988	MIA	Kevin Edwards
1988	POR	Mark Bryant
1988	CLE	Randolph Keys
1988	DEN	Jerome Lane
1988	BOS	Brian Shaw
1988	LAL	David Rivers
1988	POR	Rolando Ferreira
1988	SAS	Shelton Jones
1988	PHO	Andrew Lang
1988	SAC	Vinny Del Negro
1988	DET	Fennis Dembo
1988	PHI	Everette Stephens
1988	NJN	Charles Shackleford
1988	MIA	Grant Long
1988	CHH	Tom Tolbert
1988	MIA	Sylvester Gray
1988	WSB	Ledell Eackles
1988	NYK	Greg Butler
1988	PHO	Dean Garrett
1988	MIL	Tito Horford
1988	MIA	Orlando Graham
1988	GSW	Keith Smart
1988	DEN	Todd Mitchell
1988	ATL	Anthony Taylor
1988	LAC	Tom Garrick
1988	DAL	Morlon Wiley
1988	DEN	Vernon Maxwell
1988	DET	Micheal Williams
1988	PHO	Steve Kerr
1988	LAC	Rob Lock
1988	POR	Anthony Mason
1988	SAS	Barry Sumpter
1988	MIA	Nate Johnston
1988	CLE	Winston Bennett
1988	SEA	Corey Gaines
1988	UTA	Ricky Grace
1988	POR	Craig Neal
1988	IND	Michael Anderson
1988	BOS	Gerald Paddio
1989	SAC	Pervis Ellison
1989	LAC	Danny Ferry
1989	SAS	Sean Elliott
1989	MIA	Glen Rice
1989	CHH	J.R. Reid
1989	CHI	Stacey King
1989	IND	George McCloud
1989	DAL	Randy White
1989	WSB	Tom Hammonds
1989	MIN	Pooh Richardson
1989	ORL	Nick Anderson
1989	NJN	Mookie Blaylock
1989	BOS	Michael Smith1
1989	GSW	Tim Hardaway
1989	DEN	Todd Lichti
1989	SEA	Dana Barros
1989	SEA	Shawn Kemp
1989	CHI	B.J. Armstrong
1989	PHI	Kenny Payne
1989	CHI	Jeff Sanders
1989	UTA	Blue Edwards
1989	POR	Byron Irvin
1989	ATL	Roy Marble
1989	PHO	Anthony Cook
1989	CLE	John Morton
1989	LAL	Vlade Divac
1989	DET	Kenny Battle
1989	MIA	Sherman Douglas
1989	CHH	Dyron Nix
1989	MIL	Frank Kornet
1989	LAC	Jeff Martin
1989	NJN	Stanley Brundy
1989	LAC	Jay Edwards
1989	MIN	Gary Leonard
1989	DAL	Pat Durham
1989	POR	Clifford Robinson
1989	ORL	Michael Ansley
1989	MIN	Doug West
1989	WSB	Ed Horton
1989	BOS	Dino Radja
1989	WSB	Doug Roth
1989	CLE	Chucky Brown
1989	MIA	Scott Haffner
1989	PHO	Ricky Blanton
1989	ATL	Haywoode Workman
1989	NYK	Brian Quinnett
1989	PHO	Mike Morrison
1989	PHO	Greg Grant
1990	NJN	Derrick Coleman
1990	SEA	Gary Payton
1990	DEN	Mahmoud Abdul-Rauf
1990	ORL	Dennis Scott
1990	CHH	Kendall Gill
1990	MIN	Felton Spencer
1990	SAC	Lionel Simmons
1990	LAC	Bo Kimble
1990	MIA	Willie Burton
1990	ATL	Rumeal Robinson
1990	GSW	Tyrone Hill
1990	HOU	Alec Kessler
1990	LAC	Loy Vaught
1990	SAC	Travis Mays
1990	MIA	Dave Jamerson
1990	MIL	Terry Mills
1990	NYK	Jerrod Mustaf
1990	SAC	Duane Causwell
1990	BOS	Dee Brown
1990	MIN	Gerald Glass
1990	PHO	Jayson Williams
1990	NJN	Tate George
1990	SAC	Anthony Bonner
1990	SAS	Dwayne Schintzius
1990	POR	Alaa Abdelnaby
1990	DET	Lance Blanks
1990	LAL	Elden Campbell
1990	GSW	Les Jepsen
1990	CHI	Toni Kukoc
1990	MIA	Carl Herrera
1990	PHO	Negele Knight
1990	PHI	Brian Oliver
1990	UTA	Walter Palmer
1990	GSW	Kevin Pritchard
1990	WSB	Greg Foster
1990	ATL	Trevor Wilson
1990	WSB	A.J. English
1990	SEA	Jud Buechler
1990	CHH	Steve Scheffler
1990	SAC	Bimbo Coles
1990	ATL	Steve Bardo
1990	DEN	Marcus Liberty
1990	SAS	Tony Massenburg
1990	MIL	Steve Henson
1990	IND	Antonio Davis
1990	IND	Kenny Williams
1990	PHI	Derek Strong
1990	PHO	Cedric Ceballos
1990	PHO	Milos Babic
1990	LAL	Tony Smith
1990	CLE	Stefano Rusconi
1990	SAS	Sean Higgins
1991	CHH	Larry Johnson
1991	NJN	Kenny Anderson
1991	SAC	Billy Owens
1991	DEN	Dikembe Mutombo
1991	MIA	Steve Smith
1991	DAL	Doug Smith
1991	MIN	Luc Longley
1991	DEN	Mark Macon
1991	ATL	Stacey Augmon
1991	ORL	Bison Dele
1991	CLE	Terrell Brandon
1991	NYK	Greg Anthony
1991	IND	Dale Davis
1991	SEA	Rich King
1991	ATL	Anthony Avent
1991	GSW	Chris Gatling
1991	GSW	Victor Alexander
1991	MIL	Kevin Brooks
1991	WSB	LaBradford Smith
1991	HOU	John Turner
1991	UTA	Eric Murdock
1991	LAC	LeRon Ellis
1991	ORL	Stanley Roberts
1991	BOS	Rick Fox
1991	CHI	Mark Randall
1991	SAC	Pete Chilcutt
1991	CHH	Kevin Lynch
1991	ATL	Rodney Monroe
1991	SAC	Randy Brown
1991	PHO	Chad Gallagher
1991	DAL	Donald Hodge
1991	MIN	Myron Brown
1991	DAL	Mike Iuzzolino
1991	ORL	Chris Corchiani
1991	LAC	Elliot Perry
1991	CLE	Jimmy Oliver
1991	DET	Doug Overton
1991	IND	Sean Green
1991	GSW	Lamont Strothers
1991	MIL	Bobby Phills
1991	PHO	Richard Dumas
1991	UTA	Isaac Austin
1991	SAS	Greg Sutton
1991	HOU	Zan Tabak
1992	ORL	Shaquille O'Neal
1992	CHH	Alonzo Mourning
1992	MIN	Christian Laettner
1992	DAL	Jim Jackson
1992	DEN	LaPhonso Ellis
1992	WSB	Tom Gugliotta
1992	SAC	Walt Williams
1992	MIL	Todd Day
1992	PHI	Clarence Weatherspoon
1992	ATL	Adam Keefe
1992	HOU	Robert Horry
1992	MIA	Harold Miner
1992	DEN	Bryant Stith
1992	IND	Malik Sealy
1992	LAL	Anthony Peeler
1992	LAC	Randy Woods
1992	SEA	Doug Christie
1992	SAS	Tracy Murray
1992	DET	Don MacLean
1992	NYK	Hubert Davis
1992	BOS	Jon Barry
1992	PHO	Oliver Miller
1992	MIL	Lee Mayberry
1992	GSW	Latrell Sprewell
1992	LAC	Elmore Spencer
1992	POR	Dave Johnson
1992	CHI	Byron Houston
1992	MIN	Marlon Maxey
1992	NJN	P.J. Brown
1992	DAL	Sean Rooks
1992	POR	Reggie Smith
1992	WSB	Brent Price
1992	CHI	Corey Williams
1992	MIN	Chris Smith
1992	CHH	Tony Bennett
1992	LAL	Duane Cooper
1992	MIA	Isaiah Morris
1992	ATL	Elmer Bennett
1992	CHI	Litterial Green
1992	HOU	Popeye Jones
1992	MIA	Matt Geiger
1992	GSW	Sasha Danilovic
1992	SEA	Chris King
1992	DEN	Robert Werdann
1992	BOS	Darren Morningstar
1992	PHO	Brian Davis
1992	GSW	Matt Fish
1992	CHI	Matt Steigenga
1993	ORL	Chris Webber
1993	PHI	Shawn Bradley
1993	GSW	Anfernee Hardaway
1993	DAL	Jamal Mashburn
1993	MIN	Isaiah Rider
1993	WSB	Calbert Cheaney
1993	SAC	Bobby Hurley
1993	MIL	Vin Baker
1993	DEN	Rodney Rogers
1993	DET	Lindsey Hunter
1993	DET	Allan Houston
1993	LAL	George Lynch
1993	LAC	Terry Dehere
1993	IND	Scott Haskin
1993	ATL	Doug Edwards
1993	NJN	Rex Walters
1993	CHH	Greg Graham
1993	UTA	Luther Wright
1993	BOS	Acie Earl
1993	CHH	Scott Burrell
1993	POR	James Robinson
1993	CLE	Chris Mills
1993	SEA	Ervin Johnson
1993	HOU	Sam Cassell
1993	CHI	Corie Blount
1993	ORL	Geert Hammink
1993	PHO	Malcolm Mackey
1993	DAL	Lucious Harris
1993	WSB	Gheorghe Muresan
1993	SAC	Evers Burns
1993	PHI	Alphonso Ford
1993	DAL	Eric Riley
1993	GSW	Darnell Mee
1993	MIA	Ed Stokes
1993	LAL	Nick Van Exel
1993	ATL	Rich Manning
1993	SEA	Adonis Jordan
1993	DEN	Josh Grant
1993	UTA	Bryon Russell
1993	HOU	Richard Petruska
1993	SAS	Chris Whitney
1993	POR	Kevin Thompson
1993	SAC	Mike Peplowski
1994	MIL	Glenn Robinson
1994	DAL	Jason Kidd
1994	DET	Grant Hill
1994	MIN	Donyell Marshall
1994	WSB	Juwan Howard
1994	PHI	Sharone Wright
1994	LAC	Lamond Murray
1994	SAC	Brian Grant
1994	BOS	Eric Montross
1994	LAL	Eddie Jones
1994	SEA	Carlos Rogers
1994	MIA	Khalid Reeves
1994	DEN	Jalen Rose
1994	NJN	Yinka Dare
1994	IND	Eric Piatkowski
1994	GSW	Clifford Rozier
1994	POR	Aaron McKie
1994	MIL	Eric Mobley
1994	DAL	Tony Dumas
1994	PHI	B.J. Tyler
1994	CHI	Dickey Simpkins
1994	SAS	Bill Curley
1994	PHO	Wesley Person
1994	NYK	Monty Williams
1994	LAC	Greg Minor
1994	NYK	Charlie Ward
1994	ORL	Brooks Thompson
1994	PHO	Antonio Lang
1994	MIN	Howard Eisley
1994	WSB	Jim McIlvaine
1994	PHI	Derrick Alston
1994	ATL	Gaylon Nickerson
1994	SAC	Michael Smith2
1994	SEA	Dontonio Wingfield
1994	CHH	Darrin Hancock
1994	GSW	Anthony Miller
1994	MIA	Jeff Webster
1994	POR	Shawnelle Scott
1994	GSW	Dwayne Morton
1994	MIL	Voshon Lenard
1994	UTA	Jamie Watson
1994	PHO	Charles Claxton
1994	SAC	Lawrence Funderburke
1994	PHO	Anthony Goldwire
1994	SEA	Zeljko Rebraca
1995	GSW	Joe Smith
1995	LAC	Antonio McDyess
1995	PHI	Jerry Stackhouse
1995	WSB	Rasheed Wallace
1995	MIN	Kevin Garnett
1995	VAN	Bryant Reeves
1995	TOR	Damon Stoudamire
1995	POR	Shawn Respert
1995	NJN	Ed O'Bannon
1995	MIA	Kurt Thomas
1995	MIL	Gary Trent
1995	DAL	Cherokee Parks
1995	SAC	Corliss Williamson
1995	BOS	Eric Williams
1995	DEN	Brent Barry
1995	ATL	Alan Henderson
1995	CLE	Bob Sura
1995	DET	Theo Ratliff
1995	DET	Randolph Childress
1995	CHI	Jason Caffey
1995	PHO	Michael Finley
1995	CHH	George Zidek
1995	IND	Travis Best
1995	DAL	Loren Meyer
1995	ORL	David Vaughn
1995	SEA	Sherell Ford
1995	PHO	Mario Bennett
1995	UTA	Greg Ostertag
1995	SAS	Cory Alexander
1995	DET	Lou Roe
1995	CHI	Dragan Tarlac
1995	WSB	Terrence Rencher
1995	BOS	Junior Burrough
1995	GSW	Andrew DeClercq
1995	TOR	Jimmy King
1995	VAN	Lawrence Moten
1995	LAL	Frankie King
1995	CLE	Donny Marshall
1995	GSW	Dwayne Whitfield
1995	ATL	Donnie Boyce
1995	MIL	Eric Snow
1995	SAC	Tyus Edney
1995	MIN	Mark Davis
1995	MIN	Jerome Allen
1995	GSW	Martin Lewis
1995	IND	Fred Hoiberg
1995	GSW	Michael McDonald
1995	PHO	Chris Carr
1995	ATL	Cuonzo Martin
1995	DET	Don Reid
1996	PHI	Allen Iverson
1996	TOR	Marcus Camby
1996	VAN	Shareef Abdur-Rahim
1996	MIL	Stephon Marbury
1996	MIN	Ray Allen
1996	BOS	Antoine Walker
1996	LAC	Lorenzen Wright
1996	NJN	Kerry Kittles
1996	DAL	Samaki Walker
1996	IND	Erick Dampier
1996	GSW	Todd Fuller
1996	CLE	Vitaly Potapenko
1996	CHH	Kobe Bryant
1996	SAC	Peja Stojakovic
1996	PHO	Steve Nash
1996	CHH	Tony Delk
1996	POR	Jermaine O'Neal
1996	NYK	John Wallace
1996	NYK	Walter McCarty
1996	CLE	Zydrunas Ilgauskas
1996	NYK	Dontae' Jones
1996	VAN	Roy Rogers
1996	DEN	Efthimi Rentzias
1996	LAL	Derek Fisher
1996	UTA	Martin Muursepp
1996	DET	Jerome Williams
1996	ORL	Brian Evans
1996	ATL	Priest Lauderdale
1996	CHI	Travis Knight
1996	HOU	Othella Harrington
1996	PHI	Mark Hendrickson
1996	MIL	Moochie Norris
1996	DEN	Jeff McInnis
1996	BOS	Steve Hamer
1996	SAC	Jason Sasser
1996	HOU	Randy Livingston
1996	PHO	Ben Davis
1996	CHH	Malik Rose
1996	POR	Marcus Brown
1996	PHI	Jamie Feick
1996	ORL	Amal McCaskill
1996	VAN	Chris Robinson
1996	IND	Mark Pope
1996	MIL	Jeff Nordgaard
1996	UTA	Shandon Anderson
1996	CLE	Reggie Geary
1996	SEA	Drew Barry
1997	SAS	Tim Duncan
1997	PHI	Keith Van Horn
1997	BOS	Chauncey Billups
1997	VAN	Antonio Daniels
1997	DEN	Tony Battie
1997	BOS	Ron Mercer
1997	NJN	Tim Thomas
1997	GSW	Adonal Foyle
1997	TOR	Tracy McGrady
1997	MIL	Danny Fortson
1997	SAC	Tariq Abdul-Wahad
1997	IND	Austin Croshere
1997	CLE	Derek Anderson
1997	LAC	Maurice Taylor
1997	DAL	Kelvin Cato
1997	CLE	Brevin Knight
1997	ORL	Johnny Taylor
1997	POR	Chris Anstey
1997	DET	Scot Pollard
1997	MIN	Paul Grant
1997	NJN	Anthony Parker
1997	ATL	Ed Gray
1997	SEA	Bobby Jackson
1997	HOU	Rodrick Rhodes
1997	NYK	John Thomas
1997	MIA	Charles Smith2
1997	UTA	Jacque Vaughn
1997	CHI	Keith Booth
1997	DET	Charles O'Bannon
1997	DEN	James Cotton
1997	PHI	Marko Milic
1997	DAL	Bubba Wells
1997	PHI	Kebu Stewart
1997	PHI	James Collins
1997	GSW	Marc Jackson
1997	MIL	Jerald Honeycutt
1997	SAC	Anthony Johnson
1997	DEN	Jason Lawson
1997	PHO	Stephen Jackson
1997	CLE	Cedric Henderson
1997	WAS	God Shammgod
1997	ORL	Eric Washington
1997	POR	Alvin Williams
1997	WAS	Predrag Drobnjak
1997	ATL	Chris Crawford
1997	LAL	DeJuan Wheat
1997	SEA	Mark Blount
1998	LAC	Michael Olowokandi
1998	VAN	Mike Bibby
1998	DEN	Raef LaFrentz
1998	TOR	Antawn Jamison
1998	GSW	Vince Carter
1998	DAL	Robert Traylor
1998	SAC	Jason Williams
1998	PHI	Larry Hughes
1998	MIL	Dirk Nowitzki
1998	BOS	Paul Pierce
1998	DET	Bonzi Wells
1998	ORL	Michael Doleac
1998	ORL	Keon Clark
1998	HOU	Michael Dickerson
1998	ORL	Matt Harpring
1998	HOU	Bryce Drew
1998	MIN	Rasho Nesterovic
1998	HOU	Mirsad Turkcan
1998	MIL	Pat Garrity
1998	ATL	Roshown McLeod
1998	CHH	Ricky Davis
1998	LAC	Brian Skinner
1998	DEN	Tyronn Lue
1998	SAS	Felipe Lopez
1998	IND	Al Harrington
1998	LAL	Sam Jacobson
1998	SEA	Vladimir Stepania
1998	CHI	Corey Benjamin
1998	UTA	Nazr Mohammed
1998	DAL	Ansu Sesay
1998	LAL	Ruben Patterson
1998	SEA	Rashard Lewis
1998	SEA	Jelani McCoy
1998	CHI	Shammond Williams
1998	DAL	Bruno Sundov
1998	SAC	Jerome James
1998	PHI	Casey Shaw
1998	NYK	DeMarco Johnson
1998	MIL	Rafer Alston
1998	DET	Korleone Young
1998	HOU	Cuttino Mobley
1998	ORL	Miles Simon
1998	WAS	Jahidi White
1998	NYK	Sean Marks
1998	LAL	Toby Bailey
1998	MIN	Andrae Patterson
1998	TOR	Tyson Wheeler
1998	CLE	Ryan Stack
1998	ATL	Cory Carr
1998	SAS	Derrick Dial
1998	DAL	Greg Buckner
1998	DEN	Tremaine Fowlkes
1998	DEN	Ryan Bowen
1998	VAN	J.R. Henderson
1998	UTA	Torraye Braggs
1998	CHI	Maceo Baston
1999	CHI	Elton Brand
1999	VAN	Steve Francis
1999	CHH	Baron Davis
1999	LAC	Lamar Odom
1999	TOR	Jonathan Bender
1999	MIN	Wally Szczerbiak
1999	WAS	Richard Hamilton
1999	CLE	Andre Miller
1999	PHO	Shawn Marion
1999	ATL	Jason Terry
1999	CLE	Trajan Langdon
1999	TOR	Aleksandar Radojevic
1999	SEA	Corey Maggette
1999	MIN	William Avery
1999	CHI	Metta World Peace
1999	ATL	Cal Bowdler
1999	DEN	James Posey
1999	UTA	Quincy Lewis
1999	ATL	Dion Glover
1999	GSW	Jeff Foster
1999	HOU	Kenny Thomas
1999	LAL	Devean George
1999	UTA	Andrei Kirilenko
1999	MIA	Tim James
1999	IND	Vonteego Cummings
1999	ATL	Jumaine Jones
1999	UTA	Scott Padgett
1999	SAS	Leon Smith
1999	LAL	John Celestand
1999	CHI	Michael Ruffin
1999	DEN	Chris Herren
1999	NJN	Evan Eschmeyer
1999	WAS	Calvin Booth
1999	DAL	Wang Zhizhi
1999	VAN	Obinna Ekezie
1999	ORL	Laron Profit
1999	CLE	A.J. Bramlett
1999	DAL	Gordan Giricek
1999	DEN	Francisco Elson
1999	CHH	Lee Nailon
1999	SAC	Ryan Robertson
1999	PHI	Todd MacCulloch
1999	CHI	Lari Ketner
1999	MIA	Rodney Buford
1999	GSW	Tim Young
1999	SAS	Manu Ginobili
2000	NJN	Kenyon Martin
2000	VAN	Stromile Swift
2000	LAC	Darius Miles
2000	CHI	Marcus Fizer
2000	ORL	Mike Miller
2000	ATL	DerMarr Johnson
2000	CHI	Chris Mihm
2000	CLE	Jamal Crawford
2000	HOU	Joel Przybilla
2000	ORL	Keyon Dooling
2000	BOS	Jerome Moiso
2000	DAL	Etan Thomas
2000	ORL	Courtney Alexander
2000	DET	Mateen Cleaves
2000	MIL	Jason Collier
2000	SAC	Hedo Turkoglu
2000	SEA	Desmond Mason
2000	LAC	Quentin Richardson
2000	CHH	Jamaal Magloire
2000	PHI	Speedy Claxton
2000	TOR	Morris Peterson
2000	NYK	Donnell Harvey
2000	UTA	DeShawn Stevenson
2000	CHI	Dalibor Bagaric
2000	PHO	Jake Tsakalidis
2000	DEN	Mamadou N'Diaye
2000	IND	Primoz Brezec
2000	POR	Erick Barkley
2000	LAL	Mark Madsen
2000	LAC	Marko Jaric
2000	DAL	Dan Langhi
2000	CHI	A.J. Guyton
2000	CHI	Jake Voskuhl
2000	CHI	Khalid El-Amin
2000	WAS	Mike Smith
2000	NJN	Soumaila Samake
2000	MIA	Eddie House
2000	HOU	Eduardo Najera
2000	NYK	Lavor Postell
2000	ATL	Hanno Mottola
2000	SEA	Olumide Oyedeji
2000	MIL	Michael Redd
2000	DET	Brian Cardinal
2000	SAC	Jabari Smith
2000	MIL	Jason Hart
2000	UTA	Kaniel Dickens
2000	MIN	Igor Rakocevic
2000	MIA	Ernest Brown
2000	DEN	Dan McClintock
2000	GSW	Chris Porter
2001	WAS	Kwame Brown
2001	LAC	Tyson Chandler
2001	ATL	Pau Gasol
2001	CHI	Eddy Curry
2001	GSW	Jason Richardson
2001	MEM	Shane Battier
2001	NJN	Eddie Griffin
2001	CLE	DeSagana Diop
2001	DET	Rodney White
2001	BOS	Joe Johnson
2001	BOS	Kedrick Brown
2001	SEA	Vladimir Radmanovic
2001	HOU	Richard Jefferson
2001	GSW	Troy Murphy
2001	ORL	Steven Hunter
2001	CHH	Kirk Haston
2001	TOR	Michael Bradley
2001	HOU	Jason Collins
2001	POR	Zach Randolph
2001	CLE	Brendan Haywood
2001	BOS	Joseph Forte
2001	ORL	Jeryl Sasser
2001	HOU	Brandon Armstrong
2001	UTA	Raul Lopez
2001	SAC	Gerald Wallace
2001	PHI	Samuel Dalembert
2001	MEM	Jamaal Tinsley
2001	SAS	Tony Parker
2001	CHI	Trenton Hassell
2001	GSW	Gilbert Arenas
2001	ORL	Omar Cook
2001	MEM	Will Solomon
2001	ATL	Terence Morris
2001	NJN	Brian Scalabrine
2001	CLE	Jeff Trepagnier
2001	PHI	Damone Brown
2001	DET	Mehmet Okur
2001	SEA	Earl Watson
2001	IND	Jamison Brewer
2001	SEA	Bobby Simmons
2001	CHI	Sean Lampley
2001	MIN	Loren Woods
2001	MEM	Antonis Fotsis
2001	MIA	Ken Johnson
2001	POR	Ruben Boumtje-Boumtje
2001	PHO	Alton Ford
2001	UTA	Jarron Collins
2001	DAL	Kenny Satterfield
2001	PHI	Alvin Jones
2002	HOU	Yao Ming
2002	CHI	Jay Williams
2002	GSW	Mike Dunleavy
2002	MEM	Drew Gooden
2002	DEN	Nikoloz Tskitishvili
2002	CLE	Dajuan Wagner
2002	NYK	Nene Hilario
2002	LAC	Chris Wilcox
2002	PHO	Amar'e Stoudemire
2002	MIA	Caron Butler
2002	WAS	Jared Jeffries
2002	LAC	Melvin Ely
2002	MIL	Marcus Haislip
2002	IND	Fred Jones
2002	HOU	Bostjan Nachbar
2002	PHI	Jiri Welsch
2002	WAS	Juan Dixon
2002	ORL	Curtis Borchardt
2002	UTA	Ryan Humphrey
2002	TOR	Kareem Rush
2002	POR	Qyntel Woods
2002	PHO	Casey Jacobsen
2002	DET	Tayshaun Prince
2002	NJN	Nenad Krstic
2002	DEN	Frank Williams
2002	SAS	John Salmons
2002	LAL	Chris Jefferies
2002	SAC	Dan Dickau
2002	CHI	Roger Mason
2002	MEM	Robert Archibald
2002	DEN	Vincent Yarbrough
2002	MIL	Dan Gadzuric
2002	CLE	Carlos Boozer
2002	ATL	David Andersen
2002	HOU	Tito Maddox
2002	WAS	Juan Carlos Navarro
2002	LAC	Mario Kasun
2002	MIL	Ronald Murray
2002	CHI	Lonny Baxter
2002	MEM	Matt Barnes
2002	UTA	Jamal Sampson
2002	MIL	Chris Owens
2002	BOS	Darius Songaila
2002	MIA	Rasual Butler
2002	NJN	Tamar Slay
2002	SAS	Luis Scola
2002	SAS	Randy Holcomb
2002	SAC	Corsley Edwards
2003	CLE	LeBron James
2003	DET	Darko Milicic
2003	DEN	Carmelo Anthony
2003	TOR	Chris Bosh
2003	MIA	Dwyane Wade
2003	LAC	Chris Kaman
2003	CHI	Kirk Hinrich
2003	MIL	T.J. Ford
2003	NYK	Mike Sweetney
2003	WAS	Jarvis Hayes
2003	GSW	Mickael Pietrus
2003	SEA	Nick Collison
2003	MEM	Marcus Banks
2003	SEA	Luke Ridnour
2003	ORL	Reece Gaines
2003	BOS	Troy Bell
2003	PHO	Zarko Cabarkapa
2003	NOH	David West
2003	UTA	Sasha Pavlovic
2003	BOS	Dahntay Jones
2003	ATL	Boris Diaw
2003	NJN	Zoran Planinic
2003	POR	Travis Outlaw
2003	LAL	Brian Cook
2003	DET	Carlos Delfino
2003	MIN	Ndudi Ebi
2003	MEM	Kendrick Perkins
2003	SAS	Leandro Barbosa
2003	DAL	Josh Howard
2003	NYK	Maciej Lampe
2003	CLE	Jason Kapono
2003	LAL	Luke Walton
2003	MIA	Jerome Beasley
2003	ATL	Travis Hansen
2003	WAS	Steve Blake
2003	NYK	Slavko Vranes
2003	GSW	Derrick Zimmerman
2003	SEA	Willie Green
2003	ORL	Zaza Pachulia
2003	MIL	Keith Bogans
2003	CHI	Matt Bonner
2003	UTA	Mo Williams
2003	NOH	James Lang
2003	IND	James Jones
2003	NJN	Kyle Korver
2003	BOS	Brandon Hunter
2003	DET	Andreas Glyniadakis
2004	ORL	Dwight Howard
2004	CHA	Emeka Okafor
2004	CHI	Ben Gordon
2004	LAC	Shaun Livingston
2004	WAS	Devin Harris
2004	ATL	Josh Childress
2004	PHO	Luol Deng
2004	TOR	Rafael Araujo
2004	PHI	Andre Iguodala
2004	CLE	Luke Jackson
2004	GSW	Andris Biedrins
2004	SEA	Robert Swift
2004	POR	Sebastian Telfair
2004	UTA	Kris Humphries
2004	BOS	Al Jefferson
2004	UTA	Kirk Snyder
2004	ATL	Josh Smith
2004	NOH	J.R. Smith
2004	MIA	Dorell Wright
2004	DEN	Jameer Nelson
2004	UTA	Pavel Podkolzin
2004	NJN	Viktor Khryapa
2004	POR	Sergei Monia
2004	BOS	Delonte West
2004	BOS	Tony Allen
2004	SAC	Kevin Martin
2004	LAL	Sasha Vujacic
2004	SAS	Beno Udrih
2004	IND	David Harrison
2004	ORL	Anderson Varejao
2004	CHI	Jackson Vroman
2004	WAS	Peter John Ramos
2004	LAC	Lionel Chalmers
2004	ATL	Donta Smith
2004	SEA	Andre Emmett
2004	ORL	Antonio Burks
2004	ATL	Royal Ivey
2004	CHI	Chris Duhon
2004	BOS	Justin Reed
2004	NYK	Trevor Ariza
2004	CHA	Bernard Robinson
2004	POR	Ha Seung-Jin
2004	MIA	Pape Sow
2004	DAL	Vassilis Spanoulis
2004	MIA	Matt Freije
2004	HOU	Luis Flores
2005	MIL	Andrew Bogut
2005	ATL	Marvin Williams
2005	UTA	Deron Williams
2005	NOH	Chris Paul
2005	CHA	Raymond Felton
2005	POR	Martell Webster
2005	TOR	Charlie Villanueva
2005	NYK	Channing Frye
2005	GSW	Ike Diogu
2005	LAL	Andrew Bynum
2005	LAC	Yaroslav Korolev
2005	CHA	Sean May
2005	MIN	Rashad McCants
2005	NJN	Antoine Wright
2005	TOR	Joey Graham
2005	IND	Danny Granger
2005	BOS	Gerald Green
2005	MEM	Hakim Warrick
2005	DEN	Julius Hodge
2005	PHO	Nate Robinson
2005	DEN	Jarrett Jack
2005	SAC	Francisco Garcia
2005	HOU	Luther Head
2005	SEA	Johan Petro
2005	DET	Jason Maxiell
2005	POR	Linas Kleiza
2005	SAS	Ian Mahinmi
2005	MIA	Wayne Simien
2005	NYK	David Lee
2005	ATL	Salim Stoudamire
2005	LAC	Daniel Ewing
2005	NOH	Brandon Bass
2005	UTA	C.J. Miles
2005	MIL	Ersan Ilyasova
2005	LAL	Ronny Turiaf
2005	ORL	Travis Diener
2005	LAL	Von Wafer
2005	GSW	Monta Ellis
2005	TOR	Roko Ukic
2005	GSW	Chris Taft
2005	NJN	Mile Ilic
2005	ORL	Martynas Andriuskevicius
2005	PHI	Louis Williams
2005	MIN	Bracey Wright
2005	SEA	Mickael Gelabale
2005	WAS	Andray Blatche
2005	BOS	Ryan Gomes
2005	UTA	Robert Whaley
2005	BOS	Orien Greene
2005	NYK	Dijon Thompson
2005	SEA	Lawrence Roberts
2005	DET	Amir Johnson
2005	PHO	Marcin Gortat
2005	TOR	Uros Slokar
2005	DET	Alex Acker
2006	TOR	Andrea Bargnani
2006	CHI	LaMarcus Aldridge
2006	CHA	Adam Morrison
2006	POR	Tyrus Thomas
2006	ATL	Shelden Williams
2006	MIN	Brandon Roy
2006	BOS	Randy Foye
2006	HOU	Rudy Gay
2006	GSW	Patrick O'Bryant
2006	SEA	Mouhamed Sene
2006	ORL	J.J. Redick
2006	NOK	Hilton Armstrong
2006	PHI	Thabo Sefolosha
2006	UTA	Ronnie Brewer
2006	NOK	Cedric Simmons
2006	CHI	Rodney Carney
2006	IND	Shawne Williams
2006	WAS	Oleksiy Pecherov
2006	SAC	Quincy Douby
2006	NYK	Renaldo Balkman
2006	PHO	Rajon Rondo
2006	NJN	Marcus Williams1
2006	NJN	Josh Boone
2006	MEM	Kyle Lowry
2006	CLE	Shannon Brown
2006	LAL	Jordan Farmar
2006	PHO	Sergio Rodriguez
2006	DAL	Maurice Ager
2006	NYK	Mardy Collins
2006	POR	Joel Freeland
2006	POR	James White
2006	HOU	Steve Novak
2006	ATL	Solomon Jones
2006	LAC	Paul Davis
2006	TOR	P.J. Tucker
2006	MIN	Craig Smith
2006	MIN	Bobby Jones
2006	GSW	Kosta Perovic
2006	MIL	David Noel
2006	ORL	James Augustine
2006	CLE	Daniel Gibson
2006	NOK	Marcus Vinicius
2006	IND	Alexander Johnson
2006	UTA	Dee Brown
2006	UTA	Paul Millsap
2006	DEN	Leon Powe
2006	CHA	Ryan Hollins
2006	LAL	Cheikh Samb
2006	LAC	Guillermo Diaz
2006	NJN	Hassan Adams
2006	SAS	Damir Markota
2006	DET	Will Blalock
2007	POR	Greg Oden
2007	SEA	Kevin Durant
2007	ATL	Al Horford
2007	MEM	Mike Conley
2007	BOS	Jeff Green
2007	MIL	Yi Jianlian
2007	MIN	Corey Brewer
2007	CHA	Brandan Wright
2007	CHI	Joakim Noah
2007	SAC	Spencer Hawes
2007	ATL	Acie Law
2007	PHI	Thaddeus Young
2007	NOK	Julian Wright
2007	LAC	Al Thornton
2007	DET	Rodney Stuckey
2007	WAS	Nick Young
2007	NJN	Sean Williams
2007	GSW	Marco Belinelli
2007	LAL	Javaris Crittenton
2007	MIA	Jason Smith
2007	PHI	Daequan Cook
2007	CHA	Jared Dudley
2007	NYK	Wilson Chandler
2007	PHO	Rudy Fernandez
2007	UTA	Morris Almond
2007	HOU	Aaron Brooks
2007	DET	Arron Afflalo
2007	SAS	Tiago Splitter
2007	PHO	Alando Tucker
2007	SEA	Carl Landry
2007	BOS	Gabe Pruitt
2007	SAS	Marcus Williams2
2007	DAL	Nick Fazekas
2007	SEA	Glen Davis
2007	GSW	Jermareo Davidson
2007	POR	Josh McRoberts
2007	PHI	Kyrylo Fesenko
2007	LAL	Sun Yue
2007	MIN	Chris Richard
2007	POR	Derrick Byars
2007	GSW	Stephane Lasme
2007	WAS	Dominic McGuire
2007	LAL	Marc Gasol
2007	CHI	Aaron Gray
2007	CHI	JamesOn Curry
2007	POR	Taurean Green
2007	POR	Demetris Nichols
2007	MIL	Ramon Sessions
2007	PHO	D.J. Strawberry
2008	CHI	Derrick Rose
2008	MIA	Michael Beasley
2008	MIN	O.J. Mayo
2008	SEA	Russell Westbrook
2008	MEM	Kevin Love
2008	NYK	Danilo Gallinari
2008	LAC	Eric Gordon
2008	MIL	Joe Alexander
2008	CHA	D.J. Augustin
2008	NJN	Brook Lopez
2008	IND	Jerryd Bayless
2008	SAC	Jason Thompson
2008	POR	Brandon Rush
2008	GSW	Anthony Randolph
2008	PHO	Robin Lopez
2008	PHI	Marreese Speights
2008	TOR	Roy Hibbert
2008	WAS	JaVale McGee
2008	CLE	J.J. Hickson
2008	CHA	Alexis Ajinca
2008	NJN	Ryan Anderson
2008	ORL	Courtney Lee
2008	UTA	Kosta Koufos
2008	SEA	Serge Ibaka
2008	HOU	Nicolas Batum
2008	SAS	George Hill
2008	NOH	Darrell Arthur
2008	MEM	Donte Greene
2008	DET	D.J. White
2008	BOS	J.R. Giddens
2008	MIN	Nikola Pekovic
2008	SEA	Walter Sharpe
2008	POR	Joey Dorsey
2008	MIN	Mario Chalmers
2008	LAC	DeAndre Jordan
2008	POR	Omer Asik
2008	MIL	Luc Mbah a Moute
2008	CHA	Kyle Weaver
2008	CHI	Sonny Weems
2008	NJN	Chris Douglas-Roberts
2008	IND	Nathan Jawai
2008	SAC	Sean Singletary
2008	SAC	Patrick Ewing
2008	SAS	Goran Dragic
2008	WAS	Bill Walker
2008	PHO	Malik Hairston
2008	MIA	Darnell Jackson
2008	POR	Mike Taylor
2008	SEA	Sasha Kaun
2008	LAL	Joe Crawford
2008	BOS	Semih Erden
2009	LAC	Blake Griffin
2009	MEM	Hasheem Thabeet
2009	OKC	James Harden
2009	SAC	Tyreke Evans
2009	MIN	Ricky Rubio
2009	MIN	Jonny Flynn
2009	GSW	Stephen Curry
2009	NYK	Jordan Hill
2009	TOR	DeMar DeRozan
2009	MIL	Brandon Jennings
2009	NJN	Terrence Williams
2009	CHA	Gerald Henderson
2009	IND	Tyler Hansbrough
2009	PHO	Earl Clark
2009	DET	Austin Daye
2009	CHI	James Johnson
2009	PHI	Jrue Holiday
2009	MIN	Ty Lawson
2009	ATL	Jeff Teague
2009	UTA	Eric Maynor
2009	NOH	Darren Collison
2009	POR	Victor Claver
2009	SAC	Omri Casspi
2009	DAL	Byron Mullens
2009	OKC	Rodrigue Beaubois
2009	CHI	Taj Gibson
2009	MEM	DeMarre Carroll
2009	MIN	Wayne Ellington
2009	LAL	Toney Douglas
2009	CLE	Christian Eyenga
2009	SAC	Jeff Pendergraph
2009	WAS	Jermaine Taylor
2009	POR	Dante Cunningham
2009	DET	DaJuan Summers
2009	MEM	Sam Young
2009	SAS	DeJuan Blair
2009	POR	Jon Brockman
2009	DET	Jonas Jerebko
2009	CHA	Derrick Brown
2009	MIL	Jodie Meeks
2009	LAL	Patrick Beverley
2009	MIA	Marcus Thornton
2009	DET	Chase Budinger
2009	MIN	Nick Calathes
2009	CLE	Danny Green
2009	PHO	Taylor Griffin
2009	IND	A.J. Price
2009	SAS	Nando De Colo
2009	POR	Patrick Mills
2009	BOS	Lester Hudson
2010	WAS	John Wall
2010	PHI	Evan Turner
2010	NJN	Derrick Favors
2010	MIN	Wesley Johnson
2010	SAC	DeMarcus Cousins
2010	GSW	Ekpe Udoh
2010	DET	Greg Monroe
2010	LAC	Al-Farouq Aminu
2010	UTA	Gordon Hayward
2010	IND	Paul George
2010	NOH	Cole Aldrich
2010	MEM	Xavier Henry
2010	TOR	Ed Davis
2010	HOU	Patrick Patterson
2010	MIL	Larry Sanders
2010	MIN	Luke Babbitt
2010	CHI	Kevin Seraphin
2010	OKC	Eric Bledsoe
2010	BOS	Avery Bradley
2010	SAS	James Anderson
2010	OKC	Craig Brackins
2010	POR	Elliot Williams
2010	MIN	Trevor Booker
2010	ATL	Damion James
2010	MEM	Dominique Jones
2010	OKC	Quincy Pondexter
2010	NJN	Jordan Crawford
2010	MEM	Greivis Vasquez
2010	ORL	Daniel Orton
2010	WAS	Lazar Hayward
2010	NJN	Tibor Pleiss
2010	MIA	Dexter Pittman
2010	SAC	Hassan Whiteside
2010	POR	Armon Johnson
2010	WAS	Nemanja Bjelica
2010	MIL	Darington Hobson
2010	NYK	Andy Rautins
2010	NYK	Landry Fields
2010	IND	Lance Stephenson
2010	MIA	Jarvis Varnado
2010	LAL	Devin Ebanks
2010	MIL	Jerome Jordan
2010	PHO	Gani Lawal
2010	DAL	Solomon Alabi
2010	BOS	Luke Harangody
2010	ATL	Pape Sy
2010	LAC	Willie Warren
2010	UTA	Jeremy Evans
2010	MIN	Hamady N'Diaye
2010	IND	Ryan Reid
2010	LAL	Derrick Caracter
2011	CLE	Kyrie Irving
2011	MIN	Derrick Williams
2011	UTA	Enes Kanter
2011	CLE	Tristan Thompson
2011	TOR	Jonas Valanciunas
2011	WAS	Jan Vesely
2011	SAC	Bismack Biyombo
2011	DET	Brandon Knight
2011	CHA	Kemba Walker
2011	MIL	Jimmer Fredette
2011	GSW	Klay Thompson
2011	UTA	Alec Burks
2011	PHO	Markieff Morris
2011	HOU	Marcus Morris
2011	IND	Kawhi Leonard
2011	PHI	Nikola Vucevic
2011	NYK	Iman Shumpert
2011	WAS	Chris Singleton
2011	CHA	Tobias Harris
2011	MIN	Donatas Motiejunas
2011	POR	Nolan Smith
2011	DEN	Kenneth Faried
2011	HOU	Nikola Mirotic
2011	OKC	Reggie Jackson
2011	BOS	MarShon Brooks
2011	DAL	Jordan Hamilton
2011	NJN	JaJuan Johnson
2011	CHI	Norris Cole
2011	SAS	Cory Joseph
2011	CHI	Jimmy Butler
2011	MIA	Bojan Bogdanovic
2011	CLE	Justin Harper
2011	DET	Kyle Singler
2011	WAS	Shelvin Mack
2011	SAC	Tyler Honeycutt
2011	NJN	Jordan Williams
2011	LAC	Trey Thompkins
2011	HOU	Chandler Parsons
2011	CHA	Jeremy Tyler
2011	MIL	Jon Leuer
2011	LAL	Darius Morris
2011	IND	Davis Bertans
2011	CHI	Malcolm Lee
2011	GSW	Charles Jenkins
2011	NOH	Josh Harrellson
2011	LAL	Andrew Goudelock
2011	LAC	Travis Leslie
2011	ATL	Keith Benson
2011	MEM	Josh Selby
2011	PHI	Lavoy Allen
2011	DET	Vernon Macklin
2011	ORL	DeAndre Liggins
2011	BOS	E'Twaun Moore
2011	SAC	Isaiah Thomas
2012	NOH	Anthony Davis
2012	CHA	Michael Kidd-Gilchrist
2012	WAS	Bradley Beal
2012	CLE	Dion Waiters
2012	SAC	Thomas Robinson
2012	POR	Damian Lillard
2012	GSW	Harrison Barnes
2012	TOR	Terrence Ross
2012	DET	Andre Drummond
2012	NOH	Austin Rivers
2012	POR	Meyers Leonard
2012	HOU	Jeremy Lamb
2012	PHO	Kendall Marshall
2012	MIL	John Henson
2012	PHI	Maurice Harkless
2012	HOU	Royce White
2012	DAL	Tyler Zeller
2012	HOU	Terrence Jones
2012	ORL	Andrew Nicholson
2012	DEN	Evan Fournier
2012	BOS	Jared Sullinger
2012	BOS	Fab Melo
2012	ATL	John Jenkins
2012	CLE	Jared Cunningham
2012	MEM	Tony Wroten
2012	IND	Miles Plumlee
2012	MIA	Arnett Moultrie
2012	OKC	Perry Jones
2012	CHI	Marquis Teague
2012	GSW	Festus Ezeli
2012	CHA	Jeff Taylor
2012	WAS	Tomas Satoransky
2012	CLE	Bernard James
2012	CLE	Jae Crowder
2012	GSW	Draymond Green
2012	SAC	Orlando Johnson
2012	TOR	Quincy Acy
2012	DEN	Quincy Miller
2012	DET	Khris Middleton
2012	POR	Will Barton
2012	POR	Tyshawn Taylor
2012	MIL	Doron Lamb
2012	ATL	Mike Scott
2012	DET	Kim English
2012	PHI	Justin Hamilton
2012	NOH	Darius Miller
2012	UTA	Kevin Murphy
2012	NYK	Kostas Papanikolaou
2012	ORL	Kyle O'Quinn
2012	BOS	Kris Joseph
2012	GSW	Ognjen Kuzmic
2012	LAC	Furkan Aldemir
2012	PHI	Tornike Shengelia
2012	DAL	Darius Johnson-Odom
2012	MIN	Robbie Hummel
2012	LAL	Robert Sacre
2013	CLE	Anthony Bennett
2013	ORL	Victor Oladipo
2013	WAS	Otto Porter
2013	CHA	Cody Zeller
2013	PHO	Alex Len
2013	NOH	Nerlens Noel
2013	SAC	Ben McLemore
2013	DET	Kentavious Caldwell-Pope
2013	MIN	Trey Burke
2013	POR	CJ McCollum
2013	PHI	Michael Carter-Williams
2013	OKC	Steven Adams
2013	DAL	Kelly Olynyk
2013	UTA	Shabazz Muhammad
2013	MIL	Giannis Antetokounmpo
2013	BOS	Lucas Nogueira
2013	ATL	Dennis Schroder
2013	ATL	Shane Larkin
2013	CLE	Sergey Karasev
2013	CHI	Tony Snell
2013	UTA	Gorgui Dieng
2013	BRK	Mason Plumlee
2013	IND	Solomon Hill
2013	NYK	Tim Hardaway
2013	LAC	Reggie Bullock
2013	MIN	Andre Roberson
2013	DEN	Rudy Gobert
2013	OKC	Archie Goodwin
2013	PHO	Nemanja Nedovic
2013	CLE	Allen Crabbe
2013	OKC	Alex Abrines
2013	CLE	Carrick Felix
2013	HOU	Isaiah Canaan
2013	PHI	Glen Rice
2013	SAC	Ray McCallum
2013	DET	Tony Mitchell1
2013	WAS	Nate Wolters
2013	POR	Jeff Withey
2013	POR	Grant Jerrett
2013	MEM	Jamaal Franklin
2013	PHI	Pierre Jackson
2013	MIL	Ricky Ledo
2013	DAL	Mike Muscala
2013	UTA	Erick Green
2013	ATL	Raul Neto
2013	LAL	Ryan Kelly
2013	CHI	Erik Murphy
2013	ATL	James Ennis
2013	MIN	Lorenzo Brown
2013	MEM	Joffrey Lauvergne
2013	DET	Peyton Siva
2014	CLE	Andrew Wiggins
2014	MIL	Jabari Parker
2014	PHI	Joel Embiid
2014	ORL	Aaron Gordon
2014	UTA	Dante Exum
2014	BOS	Marcus Smart
2014	LAL	Julius Randle
2014	SAC	Nik Stauskas
2014	CHH	Noah Vonleh
2014	PHI	Elfrid Payton
2014	DEN	Doug McDermott
2014	ORL	Dario Saric
2014	MIN	Zach LaVine
2014	PHO	T.J. Warren
2014	ATL	Adreian Payne
2014	CHI	Jusuf Nurkic
2014	BOS	James Young
2014	PHO	Tyler Ennis
2014	CHI	Gary Harris
2014	TOR	Bruno Caboclo
2014	OKC	Mitch McGary
2014	MEM	Jordan Adams
2014	UTA	Rodney Hood
2014	CHH	Shabazz Napier
2014	HOU	Clint Capela
2014	MIA	P.J. Hairston
2014	PHO	Bogdan Bogdanovic
2014	LAC	C.J. Wilcox
2014	OKC	Josh Huestis
2014	SAS	Kyle Anderson
2014	MIL	Damien Inglis
2014	PHI	K.J. McDaniels
2014	CLE	Joe Harris
2014	NYK	Cleanthony Early
2014	UTA	Jarnell Stokes
2014	MIL	Johnny O'Bryant III
2014	DET	Spencer Dinwiddie
2014	PHI	Jerami Grant
2014	MIN	Glenn Robinson III
2014	DEN	Nikola Jokic
2014	HOU	Nick Johnson
2014	ATL	Walter Tavares
2014	MIN	Markel Brown
2014	CHH	Dwight Powell
2014	WAS	Jordan Clarkson
2014	PHI	Russ Smith
2014	MIL	Lamar Patterson
2014	CHI	Cameron Bairstow
2014	NYK	Thanasis Antetokounmpo
2014	MIA	Semaj Christon
2014	DEN	Roy Devyn Marble
2014	SAS	Jordan McRae
2014	SAS	Cory Jefferson
2015	MIN	Karl-Anthony Towns
2015	LAL	D'Angelo Russell
2015	PHI	Jahlil Okafor
2015	NYK	Kristaps Porzingis
2015	ORL	Mario Hezonja
2015	SAC	Willie Cauley-Stein
2015	DEN	Emmanuel Mudiay
2015	DET	Stanley Johnson
2015	CHO	Frank Kaminsky
2015	MIA	Justise Winslow
2015	IND	Myles Turner
2015	UTA	Trey Lyles
2015	PHO	Devin Booker
2015	OKC	Cameron Payne
2015	ATL	Kelly Oubre
2015	BOS	Terry Rozier
2015	MIL	Rashad Vaughn
2015	HOU	Sam Dekker
2015	WAS	Jerian Grant
2015	TOR	Delon Wright
2015	DAL	Justin Anderson
2015	CHI	Bobby Portis
2015	POR	Rondae Hollis-Jefferson
2015	CLE	Tyus Jones
2015	MEM	Jarell Martin
2015	LAL	Larry Nance Jr.
2015	BOS	R.J. Hunter
2015	BRK	Chris McCullough
2015	GSW	Kevon Looney
2015	MIN	Cedi Osman
2015	HOU	Montrezl Harrell
2015	BOS	Jordan Mickey
2015	LAL	Anthony Brown
2015	PHI	Willy Hernangomez
2015	MIN	Rakeem Christmas
2015	PHI	Richaun Holmes
2015	DET	Darrun Hilliard
2015	MIA	Josh Richardson
2015	BRK	Pat Connaughton
2015	IND	Joseph Young
2015	PHO	Andrew Harrison
2015	MIL	Norman Powell
2015	OKC	Dakari Johnson
2015	NOP	Branden Dawson
